latitude,longitude
44.95076,-93.29127
44.95076,-93.29127
44.91622,-93.28736
44.92651,-93.32561
44.98299,-93.2691
44.95076,-93.29127
44.96611,-93.28521
44.95987,-93.23189
44.99639,-93.25352
44.97703,-93.25484
44.97265,-93.22547
44.93541,-93.20555
44.91371,-93.24893
44.97995,-93.25907
44.92287,-93.24947
44.91366,-93.26613
44.94567,-93.24362
44.92819,-93.2093
44.95046,-93.31345
44.90795,-93.23187
44.991,-93.2547
45.00528,-93.26635
44.95977,-93.25923
44.95159,-93.2885
44.95516,-93.22947
44.97413,-93.28407
44.93427,-93.27697
44.94926,-93.30229
44.95926,-93.29191
45.00003,-93.31296
44.93647,-93.28023
44.96642,-93.2629
44.95733,-93.29185
44.9432,-93.2452
44.96933,-93.28135
44.9876,-93.27612
44.95035,-93.26265
44.94366,-93.23036
44.96111,-93.25197
44.9221,-93.29468
44.9147,-93.31796
44.96945,-93.24616
44.94259,-93.25287
44.94982,-93.28828
44.99067,-93.25155
44.95098,-93.24831
44.97498,-93.2532
44.97624,-93.25383
44.94778,-93.24134
44.98563,-93.23018
44.93413,-93.27532
44.94634,-93.28536
44.9371,-93.26463
44.96522,-93.27781
44.92356,-93.3136
44.98187,-93.26373
44.98536,-93.22266
44.93829,-93.29875
44.94156,-93.3031
44.98136,-93.27881
44.96616,-93.28525
44.94226,-93.30125
44.97782,-93.25556
44.9426,-93.2131
44.94567,-93.20913
44.96845,-93.2892
44.96506,-93.27828
44.94808,-93.21604
44.97005,-93.25705
44.99056,-93.2998
44.95039,-93.31433
44.94364,-93.29542
44.97644,-93.26769
44.95237,-93.28775
44.94865,-93.28851
45.04162,-93.29181
45.01114,-93.22267
45.0052,-93.30126
44.944,-93.28185
44.97049,-93.26577
44.94808,-93.22011
44.98299,-93.2691
44.95475,-93.27908
44.96246,-93.27833
44.9009,-93.29374
44.9652,-93.28512
44.95892,-93.2973
44.97871,-93.25937
44.93878,-93.30056
44.97928,-93.26701
45.02004,-93.30099
45.02177,-93.29092
44.96271,-93.25967
44.94977,-93.30452
44.97798,-93.27301
45.011,-93.25045
44.94718,-93.29156
44.94779,-93.28862
44.91079,-93.30831
44.97624,-93.25383
44.93556,-93.28399
44.92705,-93.20765
44.94977,-93.30452
44.92625,-93.27367
45.01109,-93.26017
44.99499,-93.25224
44.93525,-93.24774
44.92889,-93.25529
44.97841,-93.25859
44.9312,-93.26231
44.91664,-93.28148
44.943,-93.27753
44.98954,-93.27785
44.94466,-93.32035
44.94592,-93.28183
44.90706,-93.20536
44.98954,-93.27785
44.97782,-93.2599
44.92176,-93.28274
44.92206,-93.27753
44.93467,-93.21751
45.04558,-93.30514
44.9805,-93.30424
45.03082,-93.24496
44.91809,-93.27757
44.94387,-93.2865
44.99698,-93.30256
44.98867,-93.28001
44.89713,-93.28873
44.95749,-93.28844
45.00172,-93.23844
44.90433,-93.22939
44.96899,-93.25968
44.94934,-93.23626
44.97647,-93.25106
44.90953,-93.29246
44.90834,-93.21684
44.93187,-93.27698
44.94851,-93.24007
44.95829,-93.25145
44.9044,-93.22331
44.92073,-93.252
44.9044,-93.22331
45.02465,-93.29344
44.91322,-93.27198
44.98091,-93.26087
44.97186,-93.28601
0,0
45.0466,-93.30967
44.98371,-93.27133
45.00728,-93.29899
44.9394,-93.27773
45.00661,-93.31553
44.94634,-93.28536
44.90801,-93.22675
44.91103,-93.23057
44.96224,-93.30791
44.98867,-93.28001
44.98867,-93.28001
44.93098,-93.23627
44.98507,-93.24691
44.97922,-93.27384
44.96212,-93.27591
44.9449,-93.2967
44.92904,-93.22794
44.96393,-93.25819
44.94804,-93.23504
44.94225,-93.30124
44.96956,-93.29084
45.02156,-93.29147
44.96761,-93.28554
44.90759,-93.20549
44.94982,-93.28828
44.96956,-93.29086
44.97224,-93.27886
44.92527,-93.24824
44.98533,-93.27762
44.96963,-93.24749
44.95355,-93.26446
45.04901,-93.29115
44.97994,-93.27258
44.94977,-93.30452
44.97624,-93.25383
44.93726,-93.2904
44.988,-93.2465
44.975,-93.28017
44.92253,-93.25148
44.94243,-93.27845
45.007,-93.29142
44.96338,-93.2468
45.03157,-93.31322
44.89246,-93.28018
44.93106,-93.25026
44.97117,-93.28656
44.9892,-93.22713
44.95156,-93.27873
44.98018,-93.23786
44.93798,-93.29367
44.90891,-93.29124
44.98799,-93.27666
44.94075,-93.21566
44.97947,-93.25847
44.93009,-93.20857
44.92579,-93.20803
44.92657,-93.25077
44.99698,-93.30256
44.92046,-93.31724
44.8946,-93.25878
44.92658,-93.28477
44.91804,-93.24822
44.9352,-93.23247
44.92354,-93.22332
44.9489,-93.28851
44.97125,-93.31259
44.99014,-93.21917
44.9123,-93.28139
44.92369,-93.26719
45.01204,-93.25001
44.92169,-93.28789
45.02165,-93.23731
44.98025,-93.26627
44.98477,-93.25339
44.98109,-93.27412
44.95046,-93.31345
44.9554,-93.28539
44.9582,-93.2871
44.97715,-93.25056
44.98934,-93.25113
44.95046,-93.31345
44.99067,-93.25155
44.97248,-93.27274
44.93357,-93.22422
45.03254,-93.24239
44.92997,-93.25148
44.97632,-93.26625
44.91097,-93.21482
44.94503,-93.29159
44.94504,-93.24576
44.95105,-93.30247
44.92011,-93.20784
44.95076,-93.29127
44.9485,-93.2969
44.95751,-93.24622
44.96275,-93.24409
44.96031,-93.23189
44.96881,-93.24753
44.94136,-93.25391
44.93984,-93.27753
44.94112,-93.28596
44.93174,-93.24643
44.95248,-93.27919
44.97171,-93.27981
44.97624,-93.25383
44.94934,-93.23626
44.95074,-93.27987
44.9466,-93.30565
44.93423,-93.28529
44.93829,-93.29875
44.9345,-93.2731
44.92779,-93.25709
44.90831,-93.2704
44.96499,-93.29525
44.96613,-93.28706
44.90978,-93.26613
44.95079,-93.31988
44.94707,-93.32693
44.94338,-93.29742
44.95049,-93.31743
44.90938,-93.29428
44.95532,-93.29891
44.94075,-93.21566
44.94297,-93.26153
44.90283,-93.23014
44.94867,-93.31758
44.98696,-93.27242
44.96059,-93.28844
44.98311,-93.24846
44.98049,-93.23578
44.94977,-93.30452
44.94835,-93.28155
44.94756,-93.29922
44.92367,-93.31534
44.92367,-93.31534
44.92356,-93.3136
44.94019,-93.28187
44.95658,-93.25656
44.92169,-93.28789
44.93306,-93.2093
44.98208,-93.24913
44.95388,-93.29279
44.95826,-93.27212
44.91675,-93.21308
44.89936,-93.30449
44.9806,-93.23547
44.96105,-93.26242
44.96184,-93.22355
44.98264,-93.25054
44.98527,-93.27383
44.97647,-93.25106
44.8922,-93.30296
44.9005,-93.2403
44.94865,-93.24929
44.95179,-93.22129
44.97664,-93.27439
44.96232,-93.2413
44.97947,-93.25847
44.98953,-93.27869
44.95,-93.22885
44.94931,-93.26076
44.93967,-93.23429
45.02067,-93.24204
44.93853,-93.27923
44.92242,-93.28665
44.91875,-93.25332
44.92474,-93.25584
44.94812,-93.28881
44.92289,-93.29396
45.00801,-93.24719
45.00771,-93.28647
44.91342,-93.28231
44.9044,-93.22331
44.95076,-93.29127
44.95826,-93.27213
44.95325,-93.21675
44.95076,-93.29127
44.94697,-93.2852
44.925,-93.21981
44.95058,-93.29
44.93489,-93.28401
44.94926,-93.30229
44.95129,-93.29661
44.95926,-93.29191
44.93104,-93.31799
44.9784,-93.27179
44.95867,-93.27567
44.9277,-93.23303
44.96309,-93.26785
44.94202,-93.25084
44.98054,-93.27008
44.97382,-93.24656
44.93075,-93.31372
44.98792,-93.27887
44.95511,-93.27569
44.90322,-93.27325
44.92276,-93.28017
44.92276,-93.27573
44.94589,-93.25606
44.9621,-93.24451
44.93005,-93.21313
44.96258,-93.24936
44.94466,-93.32035
44.9481,-93.32582
45.0155,-93.30155
44.95253,-93.2217
44.95665,-93.28967
44.95665,-93.28967
44.93773,-93.22923
44.97927,-93.3042
44.94946,-93.31893
44.97647,-93.25106
44.93532,-93.23119
44.95664,-93.28177
44.93272,-93.26159
44.95913,-93.24967
44.99583,-93.29907
45.01853,-93.31805
44.9349,-93.28348
44.98046,-93.26097
44.92934,-93.28216
44.9485,-93.26114
44.96261,-93.21153
44.9585,-93.22585
44.95046,-93.31345
44.97548,-93.27596
45.03174,-93.2382
44.92448,-93.28663
44.95409,-93.29153
44.98533,-93.27762
44.93579,-93.2757
44.98413,-93.27023
44.94691,-93.26047
44.91675,-93.21308
44.92429,-93.28352
44.97489,-93.25297
44.9806,-93.23645
44.91693,-93.2597
44.95167,-93.29132
44.97233,-93.27394
44.95732,-93.27295
44.97427,-93.2845
44.91847,-93.27118
44.92916,-93.24773
44.94939,-93.31945
44.90545,-93.25411
45.04184,-93.29181
44.96002,-93.24676
45.0126,-93.29468
45.0267,-93.23219
44.92727,-93.23628
44.94816,-93.3257
44.95274,-93.31923
44.92903,-93.22215
44.96906,-93.2929
44.99335,-93.29675
44.9911,-93.3051
44.93523,-93.28093
44.96269,-93.27275
44.96271,-93.25967
44.98061,-93.27015
44.98046,-93.31031
44.90768,-93.20666
44.93104,-93.31799
44.90707,-93.28768
44.98084,-93.26915
44.92442,-93.27754
44.96414,-93.26467
44.99052,-93.21662
44.91812,-93.27577
44.94192,-93.23489
44.89681,-93.28766
44.92878,-93.28532
44.98978,-93.22611
44.95153,-93.29734
44.95614,-93.25712
44.97624,-93.25383
44.9154,-93.26303
44.94924,-93.22074
44.95099,-93.26467
44.9249,-93.25657
44.94312,-93.29688
44.96299,-93.24183
44.95754,-93.29221
45.00151,-93.29717
44.95305,-93.26811
44.98379,-93.2667
44.93477,-93.23374
44.96048,-93.26862
44.93826,-93.3033
44.98046,-93.26097
44.97647,-93.25106
44.92367,-93.31534
45.00802,-93.24401
45.00249,-93.26006
44.98477,-93.25339
44.99123,-93.2606
44.98046,-93.26097
44.91158,-93.22931
44.94926,-93.30229
44.95098,-93.24831
44.96555,-93.28375
44.91762,-93.28406
44.97647,-93.25106
44.98091,-93.26087
44.94505,-93.21784
44.97881,-93.28185
44.96915,-93.29643
44.9315,-93.25026
44.95579,-93.25167
44.92655,-93.25908
44.91053,-93.25845
44.90577,-93.23712
44.95069,-93.29336
44.98091,-93.26087
44.95046,-93.31345
44.94659,-93.29831
44.95676,-93.2993
45.01694,-93.26725
44.9589,-93.25128
44.92289,-93.29396
44.92302,-93.29393
45.04184,-93.29181
44.98529,-93.23905
44.89505,-93.29667
44.99968,-93.26754
44.93891,-93.25912
44.9172,-93.21406
44.96754,-93.27821
44.90908,-93.29359
44.93098,-93.23627
44.9852,-93.27135
44.94336,-93.27933
44.95751,-93.24596
44.93038,-93.32686
44.98299,-93.2691
44.96097,-93.23619
44.96155,-93.29271
44.94258,-93.29361
44.96935,-93.28135
44.95321,-93.29987
45.00665,-93.24247
45.022,-93.29092
45.01799,-93.29343
44.9656,-93.27593
44.98552,-93.2771
44.90912,-93.26048
44.93332,-93.23628
44.944,-93.22667
44.91896,-93.22996
44.92738,-93.24516
44.93844,-93.29039
44.94615,-93.27729
44.97968,-93.2747
44.94727,-93.28054
44.98867,-93.28001
44.93981,-93.27315
44.93528,-93.29168
44.95046,-93.31345
44.91075,-93.27667
44.98777,-93.27542
44.96806,-93.2465
44.94928,-93.27776
44.94136,-93.25391
44.94939,-93.31945
44.95439,-93.28588
44.93539,-93.23556
44.96343,-93.23999
44.9895,-93.2811
44.96308,-93.27312
44.94592,-93.30375
44.94957,-93.29378
44.96013,-93.29728
44.92044,-93.32874
44.95839,-93.23415
45.00294,-93.26679
44.98984,-93.21625
44.94866,-93.29028
44.98264,-93.25054
44.94466,-93.32035
44.94243,-93.27845
44.9903,-93.24803
44.90656,-93.23445
44.98168,-93.23505
44.96893,-93.32012
44.96537,-93.27213
44.92154,-93.28667
44.96933,-93.28135
44.95394,-93.29352
44.92356,-93.3136
44.92594,-93.31436
44.95619,-93.27694
44.97355,-93.30962
44.98477,-93.25339
44.97236,-93.28016
44.95067,-93.28741
44.95046,-93.31345
44.95463,-93.28394
44.98025,-93.26627
44.98046,-93.26097
44.9092,-93.23385
44.94934,-93.23626
44.98073,-93.26314
44.98091,-93.26087
44.97294,-93.24808
44.96656,-93.28298
44.96686,-93.24695
44.95113,-93.29424
44.94876,-93.24202
44.98046,-93.26097
44.96906,-93.2929
44.95032,-93.21239
44.95035,-93.26265
45.01151,-93.30804
45.01149,-93.23735
44.96253,-93.24858
45.04773,-93.30516
45.00989,-93.26445
44.96666,-93.28939
44.92906,-93.27367
44.97353,-93.28463
44.89726,-93.24541
44.93143,-93.24481
44.93541,-93.20555
44.9704,-93.28045
44.94243,-93.27845
44.97405,-93.27047
45.025,-93.23475
44.93641,-93.24774
45.00207,-93.30469
44.92837,-93.24694
45.01087,-93.31114
44.97589,-93.26384
44.93477,-93.24373
44.94876,-93.24202
44.94942,-93.21055
44.94942,-93.21055
44.94279,-93.26861
44.96837,-93.22471
44.95046,-93.31345
44.95099,-93.26467
44.951,-93.29025
45.00528,-93.26635
44.98114,-93.24994
44.94946,-93.31893
44.94977,-93.30452
44.92588,-93.23694
44.94357,-93.26933
44.93233,-93.21185
44.93711,-93.28655
44.96189,-93.29017
44.8952,-93.31157
44.94756,-93.29922
44.91116,-93.293
44.94934,-93.23626
44.95829,-93.28081
44.94891,-93.31649
44.9272,-93.24064
44.93864,-93.23681
44.9263,-93.29393
44.90509,-93.2883
44.93869,-93.28346
44.93988,-93.29419
44.94387,-93.2865
44.94819,-93.2834
44.95068,-93.29298
45.03452,-93.29331
44.9134,-93.28231
44.98025,-93.26627
44.93306,-93.28529
44.99086,-93.2284
44.98109,-93.27412
44.97352,-93.22781
44.92835,-93.27235
44.98119,-93.28918
44.92,-93.27835
44.96211,-93.29727
44.96399,-93.26417
44.94851,-93.30464
44.94851,-93.30464
44.96984,-93.278
44.9485,-93.24068
44.91221,-93.23343
44.94202,-93.29036
44.92824,-93.2975
44.93902,-93.29292
44.98453,-93.21795
44.9806,-93.23645
44.9726,-93.28103
44.98385,-93.23128
44.90151,-93.21946
44.94917,-93.21692
44.93736,-93.24697
44.9426,-93.2131
44.94759,-93.23425
44.90505,-93.2779
44.94192,-93.2929
44.93322,-93.25401
45.0146,-93.3106
44.90838,-93.26426
44.96522,-93.27965
44.95715,-93.252
44.92133,-93.22998
44.96336,-93.29525
44.92858,-93.27235
44.95734,-93.25241
44.95835,-93.29275
44.95473,-93.31952
44.99105,-93.30511
44.96899,-93.28065
44.93413,-93.27532
44.97519,-93.25367
44.98521,-93.2712
44.96486,-93.29525
45.0049,-93.30867
45.02963,-93.28822
44.9787,-93.2735
44.94779,-93.26817
44.96343,-93.23999
44.99914,-93.28799
44.92291,-93.21184
44.96911,-93.22409
44.92981,-93.24266
44.99238,-93.30159
44.90757,-93.23134
44.98788,-93.25742
44.99166,-93.32329
44.96235,-93.27311
44.91754,-93.25078
44.99292,-93.30535
44.95861,-93.22201
44.999,-93.31296
44.93399,-93.27569
44.97459,-93.27612
44.92314,-93.23177
44.98453,-93.21795
45.01454,-93.30228
44.96377,-93.24362
45.03216,-93.30757
44.95752,-93.24894
44.94931,-93.26076
44.91492,-93.3185
44.92126,-93.31724
44.92743,-93.24009
44.99043,-93.28001
44.90538,-93.2912
44.91066,-93.29865
44.93896,-93.23501
44.91222,-93.27639
44.9529,-93.21566
44.97617,-93.30546
44.94849,-93.27668
44.94567,-93.24362
44.92564,-93.22867
44.90873,-93.32229
0,0
45.02029,-93.23989
44.95788,-93.28511
44.93275,-93.22706
45.00975,-93.24749
44.90553,-93.20539
44.92138,-93.32299
45.00906,-93.30913
44.95531,-93.25675
44.97705,-93.25487
44.92367,-93.31534
44.93988,-93.29546
44.95687,-93.28967
45.03426,-93.29923
44.94973,-93.29554
44.94806,-93.28974
45.03388,-93.25727
44.94794,-93.27727
44.98985,-93.2743
44.93332,-93.23302
45.00843,-93.25876
44.97207,-93.26244
44.98189,-93.23627
44.94136,-93.25391
45.00908,-93.28384
44.93686,-93.27571
44.94794,-93.29228
44.99871,-93.27272
44.94136,-93.25391
44.94108,-93.21494
44.98298,-93.25138
45.02367,-93.26889
44.91358,-93.29556
44.94837,-93.24996
45.02761,-93.26027
44.9874,-93.29912
44.96745,-93.28152
44.94974,-93.29924
44.90101,-93.30885
44.89546,-93.30436
44.89546,-93.30436
44.96379,-93.27185
44.95761,-93.26811
44.98847,-93.27456
45.00262,-93.29894
44.94666,-93.27665
44.90471,-93.311
44.92824,-93.2975
44.93667,-93.26461
44.91571,-93.27196
44.98161,-93.24221
44.98054,-93.27008
44.97951,-93.27612
44.97683,-93.27706
44.94023,-93.3203
44.94557,-93.32106
44.98939,-93.24889
44.93896,-93.23501
44.92754,-93.21814
44.92754,-93.22242
45.01247,-93.30355
45.01547,-93.25109
44.97295,-93.2864
44.9696,-93.27961
44.93129,-93.22337
44.93737,-93.27183
45.00278,-93.30228
44.94667,-93.32375
44.94667,-93.32375
44.98722,-93.23936
44.9726,-93.28103
44.90671,-93.27383
44.98144,-93.23853
44.93029,-93.28475
44.92918,-93.27311
44.94836,-93.23819
44.9447,-93.22532
44.93039,-93.2124
44.97321,-93.27956
0,0
44.98294,-93.24477
44.96298,-93.25584
44.98091,-93.26087
44.97671,-93.25946
44.97466,-93.23034
44.98395,-93.24765
44.89265,-93.2785
44.97498,-93.2532
44.98018,-93.23786
44.96774,-93.28908
0,0
44.98391,-93.23502
44.9752,-93.27399
44.97349,-93.22372
44.98633,-93.27241
44.95057,-93.30382
44.94566,-93.28906
44.92073,-93.22981
44.97235,-93.22441
44.96502,-93.29473
44.98701,-93.27628
44.95056,-93.28169
45.00321,-93.26628
44.98168,-93.23505
44.94383,-93.21437
44.96441,-93.21174
44.92907,-93.27311
44.97995,-93.25907
44.92641,-93.24771
45.03244,-93.28311
44.94527,-93.28594
44.95861,-93.28175
44.94888,-93.28974
44.99206,-93.30841
44.95243,-93.28464
44.97941,-93.26365
45.0159,-93.30924
45.03441,-93.30533
44.95172,-93.29043
44.98851,-93.25851
44.98187,-93.26373
44.99909,-93.27754
44.95733,-93.28421
44.93344,-93.25456
44.93241,-93.28348
44.93041,-93.30956
44.98542,-93.23345
44.98189,-93.23627
45.01342,-93.25109
44.94616,-93.29231
44.92057,-93.32361
44.91119,-93.31595
44.95032,-93.27968
44.96328,-93.2914
44.95057,-93.30303
44.9811,-93.30172
44.99971,-93.29187
44.98947,-93.2513
44.93119,-93.24266
44.92471,-93.2457
44.94882,-93.23956
44.93826,-93.3033
44.94836,-93.27668
44.96123,-93.23432
44.90911,-93.23005
44.91548,-93.32616
44.99112,-93.27941
45.0183,-93.26912
45.00832,-93.26483
44.99073,-93.22404
44.96093,-93.24773
45.00945,-93.24362
44.93373,-93.3173
44.923,-93.24693
44.95848,-93.22287
44.97477,-93.26571
44.97335,-93.28889
44.94352,-93.2967
44.95052,-93.27928
44.96105,-93.28811
44.96952,-93.2501
44.94002,-93.29364
44.97176,-93.27365
44.93416,-93.26754
44.9134,-93.28231
44.97322,-93.26977
44.98976,-93.22007
44.96686,-93.24695
44.94273,-93.29234
44.97941,-93.26365
44.97498,-93.2532
44.97014,-93.2227
44.96489,-93.22085
44.98161,-93.24221
44.92992,-93.23502
44.97301,-93.27556
44.93869,-93.28399
44.93944,-93.21056
44.94836,-93.29065
44.94958,-93.29868
44.91918,-93.22996
44.89846,-93.28611
44.98054,-93.27008
44.90988,-93.24772
44.97478,-93.275
44.94058,-93.28776
44.95938,-93.29272
44.9428,-93.29997
44.93773,-93.27975
44.91565,-93.28353
44.99706,-93.22701
44.90912,-93.32415
44.97718,-93.27589
44.94751,-93.21564
44.97447,-93.27181
44.96935,-93.26149
44.9356,-93.23502
44.93532,-93.23247
44.93532,-93.23247
44.97558,-93.27282
44.92784,-93.26212
44.97758,-93.31762
44.95001,-93.30209
44.95265,-93.29479
44.94942,-93.25666
44.97536,-93.27857
44.96662,-93.27901
44.90267,-93.21944
44.93667,-93.26461
44.91446,-93.32559
45.03291,-93.29994
44.91663,-93.2925
44.94112,-93.23043
44.99501,-93.24243
44.93497,-93.21441
45.02424,-93.31816
45.01668,-93.25071
44.93917,-93.27992
45.00239,-93.3082
44.97438,-93.26789
44.94873,-93.27247
44.95994,-93.23163
44.94202,-93.27627
44.99509,-93.24079
44.96253,-93.2405
44.97161,-93.22549
44.91675,-93.21308
44.92267,-93.32509
44.98654,-93.24081
44.97959,-93.27483
44.95067,-93.28741
45.00801,-93.24719
44.97689,-93.26762
45.00151,-93.29717
44.94566,-93.28906
44.90312,-93.29172
44.93969,-93.28345
45.00088,-93.2459
45.00073,-93.26634
45.04544,-93.29111
45.0133,-93.24848
44.93213,-93.27698
44.95578,-93.2877
44.96039,-93.27113
44.98189,-93.23627
44.98161,-93.24221
44.97046,-93.26578
44.94864,-93.20659
44.96533,-93.21396
44.98612,-93.23472
44.91334,-93.31696
44.97236,-93.28016
44.89967,-93.29466
44.91258,-93.23429
44.93988,-93.29419
44.97281,-93.24645
44.94196,-93.27922
44.9731,-93.26549
44.98112,-93.27575
44.9641,-93.26857
44.91944,-93.25404
44.92434,-93.21367
44.94851,-93.30464
44.99916,-93.29716
44.95971,-93.22939
44.95426,-93.2213
44.96407,-93.29785
44.96427,-93.29345
45.01562,-93.30228
44.96625,-93.29397
44.98806,-93.24866
44.95265,-93.29479
44.92083,-93.2642
44.94901,-93.29738
44.95195,-93.26009
44.96755,-93.2804
44.91181,-93.23251
45.00323,-93.27146
44.91428,-93.22749
44.93825,-93.22132
44.93382,-93.27898
44.95331,-93.2588
44.96918,-93.22409
44.98189,-93.23627
44.9676,-93.26849
44.92487,-93.21905
44.91754,-93.25459
44.92462,-93.26292
44.98341,-93.23377
44.93508,-93.23681
44.96831,-93.26712
44.9324,-93.28604
44.92525,-93.31885
44.97295,-93.2864
44.96527,-93.29525
44.90609,-93.32555
44.9571,-93.28711
44.99589,-93.28951
44.99692,-93.26627
44.99826,-93.2892
44.93439,-93.25907
45.00109,-93.23953
44.92601,-93.27754
44.91425,-93.22246
44.91379,-93.24296
44.92713,-93.24693
44.91278,-93.29301
44.91781,-93.228
44.98408,-93.26831
44.9382,-93.28092
44.98904,-93.23095
44.93726,-93.2904
44.98299,-93.23906
44.9691,-93.22447
44.91324,-93.29976
44.97647,-93.25106
45.00734,-93.25724
44.98974,-93.22007
44.92367,-93.31534
44.98007,-93.25847
44.9485,-93.26114
44.96933,-93.28135
44.96527,-93.29525
44.91792,-93.32399
44.97498,-93.2532
44.9188,-93.21715
44.94567,-93.24362
44.97537,-93.26244
44.94475,-93.24063
44.98245,-93.23421
44.90162,-93.31882
44.9734,-93.25484
44.98892,-93.24356
44.9005,-93.2403
44.93897,-93.26856
44.97943,-93.27863
44.90635,-93.2803
44.97126,-93.28288
44.9782,-93.2797
44.94966,-93.28767
44.94946,-93.31893
45.0099,-93.30785
44.95682,-93.29023
44.92041,-93.21572
44.97701,-93.27641
44.89992,-93.24281
44.91864,-93.20766
44.94907,-93.29228
44.95254,-93.27625
44.98571,-93.23916
44.96925,-93.26402
44.94867,-93.31758
44.98527,-93.27383
44.94689,-93.32816
45.0222,-93.30001
45.03656,-93.29886
45.0049,-93.30867
45.0267,-93.23219
45.03452,-93.29331
44.95535,-93.24774
44.95851,-93.25525
44.92959,-93.26594
44.95726,-93.3135
44.98202,-93.27788
44.98381,-93.23399
44.93733,-93.2508
44.93311,-93.23249
44.9696,-93.2802
45.00134,-93.25391
44.90336,-93.23523
45.02187,-93.26893
44.94281,-93.30119
45.01841,-93.31172
44.925,-93.21818
44.94931,-93.26076
44.93739,-93.21112
44.90648,-93.26427
45.02779,-93.2318
44.98905,-93.27095
44.94934,-93.23626
44.9193,-93.26727
44.98968,-93.2309
44.95017,-93.27537
44.94901,-93.25668
44.95846,-93.28384
44.95846,-93.28384
44.96639,-93.23423
44.93448,-93.28529
44.95159,-93.2885
44.96066,-93.27237
44.98202,-93.27788
44.9762,-93.26786
44.93892,-93.27844
44.93718,-93.23374
45.004,-93.26444
44.91066,-93.29865
44.89569,-93.29811
44.94616,-93.29667
44.89949,-93.28611
44.90755,-93.21176
45.00689,-93.24718
44.92969,-93.27774
44.96641,-93.21498
44.93904,-93.27479
44.95641,-93.22878
44.9696,-93.28041
44.96328,-93.2914
44.98264,-93.25054
44.9401,-93.20674
44.94928,-93.27776
44.95085,-93.24831
44.97281,-93.24645
44.94876,-93.24202
44.96893,-93.27971
44.92754,-93.20802
44.97864,-93.26708
44.94515,-93.26559
45.01807,-93.26994
44.992,-93.28146
44.91171,-93.20979
45.03605,-93.30372
44.93698,-93.26161
44.95067,-93.28741
44.94588,-93.22889
44.92266,-93.22797
44.94436,-93.22394
44.91835,-93.32411
44.94759,-93.23425
44.93279,-93.27366
45.00338,-93.30402
44.98954,-93.27785
44.91285,-93.32813
44.96245,-93.27835
44.95726,-93.3135
44.94794,-93.27727
44.93332,-93.23302
44.98136,-93.27881
44.9255,-93.26852
44.95005,-93.29318
44.98529,-93.28532
44.97793,-93.28022
44.91432,-93.28352
44.93201,-93.31799
44.92434,-93.21367
44.91982,-93.21933
44.96803,-93.28164
44.94264,-93.24901
44.9381,-93.25584
44.94954,-93.26357
44.9466,-93.30565
44.93552,-93.27552
44.95296,-93.25882
44.94917,-93.20926
45.01259,-93.30408
0,0
44.9783,-93.25995
44.90671,-93.31974
44.95846,-93.28384
44.97126,-93.28288
44.94003,-93.22608
44.96225,-93.27056
44.906,-93.32809
44.93129,-93.28191
44.9172,-93.21406
44.97498,-93.27386
44.92393,-93.21859
44.89936,-93.23782
44.94172,-93.28597
0,0
44.92904,-93.23084
44.98161,-93.24221
44.9286,-93.26304
44.98249,-93.31143
44.91066,-93.29865
44.93829,-93.23839
44.93737,-93.27183
44.93259,-93.31332
44.94004,-93.2111
44.94836,-93.26248
44.94869,-93.23187
44.98527,-93.27383
44.93892,-93.27844
44.96297,-93.29159
44.98403,-93.22795
45.0282,-93.31516
45.01168,-93.23311
44.92631,-93.22665
44.9294,-93.22475
44.98532,-93.27222
44.93387,-93.23359
44.98772,-93.22469
44.98203,-93.2433
44.98521,-93.24726
44.98743,-93.24695
44.94376,-93.25209
44.95767,-93.29608
44.97874,-93.27603
44.95755,-93.26164
44.97046,-93.26578
44.94331,-93.27243
44.94557,-93.32223
44.94935,-93.28828
44.94888,-93.28974
44.98443,-93.27933
44.96464,-93.278
44.95859,-93.29092
44.94926,-93.30229
44.96441,-93.24685
44.92738,-93.24516
44.94891,-93.31649
44.95046,-93.31345
44.91865,-93.22469
44.97922,-93.26844
45.04162,-93.29181
44.9243,-93.24894
44.9554,-93.28539
44.97444,-93.28151
44.91939,-93.2111
45.04488,-93.29443
44.97027,-93.24695
44.93308,-93.32429
44.93853,-93.27923
44.95817,-93.24798
44.89174,-93.30587
44.9185,-93.28665
44.94901,-93.26818
44.92439,-93.22868
44.90514,-93.28064
44.95822,-93.27403
44.93811,-93.3013
44.98067,-93.2724
45.04942,-93.3087
44.9222,-93.27316
44.94934,-93.23626
44.98298,-93.25138
45.01392,-93.2691
44.9466,-93.30565
44.99119,-93.30132
44.92641,-93.24771
44.96935,-93.26149
44.931,-93.2718
44.89994,-93.29247
44.93012,-93.21949
44.97941,-93.27175
44.96197,-93.2851
44.98168,-93.23505
44.92756,-93.27774
44.95192,-93.3102
44.89899,-93.22695
45.02214,-93.29058
44.91526,-93.27196
44.8946,-93.27065
44.92531,-93.2305
44.94886,-93.2928
44.94567,-93.24362
44.91222,-93.27639
44.97893,-93.28152
44.92529,-93.26717
44.92634,-93.26596
44.90705,-93.2981
44.90692,-93.25044
45.02658,-93.29277
44.91909,-93.26558
44.94408,-93.28834
44.92138,-93.25077
44.95846,-93.28384
44.95877,-93.30559
44.94851,-93.30464
44.93937,-93.28726
44.93087,-93.27625
0,0
44.89114,-93.25326
44.9485,-93.24091
44.98273,-93.2664
44.98447,-93.29427
44.95091,-93.32839
44.93091,-93.28783
44.93515,-93.24826
45.00966,-93.24118
44.90135,-93.29811
44.94928,-93.27776
44.98561,-93.26051
44.94053,-93.27922
44.92594,-93.31436
45.05092,-93.28319
44.95076,-93.29634
44.93412,-93.27791
44.98048,-93.26683
44.9627,-93.29178
44.9485,-93.28957
44.98187,-93.26373
44.951,-93.29025
44.97142,-93.22877
44.97647,-93.25106
44.98264,-93.25054
44.9877,-93.27166
45.00527,-93.2631
44.96164,-93.28965
44.94291,-93.29581
44.98374,-93.25359
44.95031,-93.29826
44.9762,-93.26786
44.98476,-93.24611
44.97235,-93.22441
44.97349,-93.22372
44.98296,-93.23222
44.98273,-93.2664
44.98119,-93.23728
44.9485,-93.30547
44.96423,-93.24519
44.95991,-93.29094
44.94358,-93.28721
44.9678,-93.25948
44.94689,-93.32787
44.99175,-93.23243
44.96225,-93.27056
44.94939,-93.31945
44.97205,-93.2764
44.97968,-93.2747
44.9883,-93.27619
44.97798,-93.27479
44.98758,-93.24682
44.96863,-93.24268
44.9731,-93.26457
44.98635,-93.25086
44.94946,-93.31893
44.98477,-93.25339
44.95252,-93.3185
44.97543,-93.25422
44.99756,-93.29905
44.98602,-93.26926
44.97035,-93.28136
44.94543,-93.32347
44.94483,-93.22472
44.96955,-93.27605
44.98048,-93.25969
44.95196,-93.29826
44.96072,-93.23487
44.97745,-93.23113
44.96933,-93.28135
44.98979,-93.23342
44.98954,-93.27785
44.9813,-93.24067
44.94957,-93.29378
44.9607,-93.2769
44.97439,-93.27251
44.9385,-93.28346
44.9726,-93.28103
44.98119,-93.28918
44.97324,-93.26055
44.939,-93.25531
44.95084,-93.2938
44.9485,-93.28957
45.01233,-93.26017
44.98204,-93.23294
44.93328,-93.32429
44.98189,-93.23627
44.98119,-93.24076
44.9395,-93.2869
44.98767,-93.24768
44.98161,-93.24221
44.9781,-93.22342
44.95133,-93.25339
44.98146,-93.24106
44.97264,-93.2778
44.97941,-93.26365
44.97563,-93.27386
44.91759,-93.21583
44.97102,-93.21534
44.97352,-93.22781
44.97366,-93.22712
44.94196,-93.27922
44.97647,-93.25106
45.00089,-93.3154
44.97519,-93.25367
44.9759,-93.27549
44.94063,-93.29491
44.93119,-93.28095
44.95926,-93.29191
45.04476,-93.31524
44.96095,-93.24092
44.94824,-93.23967
44.97689,-93.26762
44.91653,-93.2469
44.9495,-93.30452
44.98413,-93.27023
44.97014,-93.2227
44.92356,-93.3136
44.97413,-93.28407
44.94778,-93.24134
44.94958,-93.29868
45.01175,-93.30786
44.93233,-93.31217
44.94885,-93.29662
44.93514,-93.27847
44.96611,-93.29025
44.9793,-93.23468
44.9884,-93.27169
44.94508,-93.31956
44.95049,-93.31743
44.89846,-93.29895
44.93749,-93.27055
44.96847,-93.24352
44.98119,-93.23728
44.95035,-93.26138
44.98306,-93.23936
44.9876,-93.27612
44.96532,-93.22163
44.97013,-93.24835
44.9825,-93.3036
44.98653,-93.27142
44.99067,-93.25155
44.94836,-93.26267
44.97624,-93.25383
44.9562,-93.2784
44.90957,-93.32584
44.97705,-93.25487
44.94926,-93.30229
44.97578,-93.27796
44.97014,-93.2227
44.94247,-93.29489
44.98875,-93.2777
0,0
44.95005,-93.29318
44.9482,-93.30365
45.00692,-93.24718
44.91431,-93.32523
44.98168,-93.23505
44.93264,-93.32612
44.97354,-93.24797
44.94041,-93.32918
44.97852,-93.25938
45.03357,-93.29096
44.96449,-93.27565
44.97959,-93.27483
44.94579,-93.29486
44.97571,-93.26792
44.95978,-93.23736
44.99855,-93.26723
44.96446,-93.25206
44.94837,-93.29701
44.90781,-93.20451
44.99072,-93.25194
44.97184,-93.22098
44.93686,-93.29167
44.98239,-93.24542
44.96066,-93.25309
44.97939,-93.26993
44.97014,-93.2227
44.98954,-93.27785
44.94996,-93.26202
44.95989,-93.26722
44.95696,-93.2801
44.98699,-93.27048
44.96269,-93.27148
44.95374,-93.26263
44.96755,-93.2804
44.97235,-93.22441
44.97927,-93.25789
44.96865,-93.26708
44.97176,-93.27365
44.98788,-93.24431
44.98867,-93.28001
44.94779,-93.28862
44.97852,-93.25938
44.95355,-93.29971
44.97347,-93.22568
44.94865,-93.30266
44.95309,-93.27749
44.95665,-93.26723
44.95614,-93.23104
44.97366,-93.22712
44.98845,-93.25869
44.94775,-93.26479
44.97413,-93.28407
44.97852,-93.25938
44.98438,-93.24528
44.95058,-93.29
44.991,-93.2547
44.98264,-93.25054
44.97941,-93.26365
44.91792,-93.32399
44.94041,-93.32918
44.98284,-93.27366
44.97614,-93.26734
44.98535,-93.23038
44.91806,-93.31799
45.0168,-93.26893
44.97718,-93.27589
44.97324,-93.26055
44.96796,-93.2435
44.96442,-93.27696
44.97235,-93.22441
44.97568,-93.26899
44.97959,-93.27483
44.95912,-93.28422
45.0232,-93.27054
44.97355,-93.25756
44.89664,-93.2997
44.96945,-93.24616
44.94659,-93.29831
44.95448,-93.21495
44.93968,-93.28653
44.97126,-93.28288
44.90558,-93.22322
45.02807,-93.31826
44.9703,-93.22038
44.97459,-93.2668
44.94913,-93.32083
44.97235,-93.22441
44.9683,-93.28601
44.94584,-93.32642
44.95511,-93.27569
44.94594,-93.32542
44.93474,-93.26289
44.98548,-93.23897
44.97349,-93.22372
44.97941,-93.26365
44.97477,-93.26571
44.99,-93.25265
44.92866,-93.27651
44.93704,-93.29167
44.96423,-93.24519
44.95166,-93.29355
44.95846,-93.29658
44.92408,-93.31322
44.96329,-93.26274
44.94926,-93.29828
44.98477,-93.31249
44.97254,-93.24705
44.96844,-93.25799
44.98216,-93.23972
44.98311,-93.24846
44.98168,-93.23505
44.94743,-93.29732
44.94002,-93.29364
44.9863,-93.27334
44.96855,-93.24698
44.95834,-93.27692
44.97014,-93.2227
44.95067,-93.28741
44.97852,-93.25938
44.94634,-93.2554
44.95067,-93.28741
44.98837,-93.25863
44.9726,-93.28103
44.95195,-93.29317
44.96248,-93.23424
44.97318,-93.24693
44.98312,-93.25171
44.97337,-93.24587
44.90694,-93.20592
44.97482,-93.24672
44.93646,-93.28779
44.94836,-93.28809
44.94982,-93.28828
44.94743,-93.29732
44.95971,-93.22939
44.91367,-93.29429
44.94458,-93.25303
44.95113,-93.29424
0,0
44.95748,-93.29093
44.95899,-93.29469
44.97958,-93.27257
44.98127,-93.27325
44.9877,-93.27166
44.96423,-93.24519
44.9883,-93.27619
44.95113,-93.29424
44.94958,-93.29868
44.93119,-93.28095
44.99,-93.25265
44.9642,-93.27933
44.94761,-93.32406
44.97585,-93.24474
44.97477,-93.26131
44.94836,-93.29829
44.94913,-93.32083
44.99628,-93.25352
44.94814,-93.28858
44.94763,-93.28975
44.95067,-93.28741
44.92813,-93.22605
44.9485,-93.28957
44.97521,-93.25893
44.95134,-93.31815
44.9486,-93.28502
44.97613,-93.25809
44.94594,-93.32542
44.9652,-93.28524
44.98571,-93.23879
44.97509,-93.27145
44.98161,-93.24221
44.98168,-93.23505
44.9344,-93.28348
44.92972,-93.2835
44.98025,-93.26627
44.96661,-93.24409
44.97184,-93.22098
44.9832,-93.27135
44.95195,-93.29317
44.92663,-93.32488
44.94837,-93.29701
44.93829,-93.29875
44.97254,-93.24705
44.95035,-93.26138
44.97624,-93.25383
44.95224,-93.2965
44.98298,-93.25138
44.9978,-93.25391
44.98695,-93.27659
44.96311,-93.28898
44.97149,-93.26571
44.96062,-93.26138
44.95076,-93.29634
44.95077,-93.29127
44.96933,-93.28135
44.96933,-93.28135
44.97184,-93.22098
44.96959,-93.25809
44.94205,-93.28016
44.98395,-93.24765
44.98434,-93.26889
44.95944,-93.28893
44.95826,-93.27212
44.9724,-93.23041
44.90619,-93.2892
44.97978,-93.26519
44.95871,-93.2902
44.98895,-93.28095
44.98793,-93.23477
44.98438,-93.24528
44.951,-93.29025
44.98718,-93.23961
44.97971,-93.24379
44.98121,-93.23719
44.95153,-93.29533
44.98338,-93.24664
44.93756,-93.27563
44.97478,-93.27034
44.96016,-93.23124
44.98288,-93.23229
45.00989,-93.24756
44.94503,-93.29869
44.96343,-93.23999
44.95822,-93.27403
44.93877,-93.2134
44.9566,-93.26169
44.97348,-93.22384
44.98792,-93.2297
44.92113,-93.29176
44.99947,-93.27139
45.02785,-93.30933
44.96248,-93.27366
44.91053,-93.22336
44.94836,-93.2843
44.98189,-93.23627
44.9897,-93.23091
44.95047,-93.26081
44.98187,-93.26373
44.90636,-93.25339
44.98412,-93.24849
44.94239,-93.23042
44.96864,-93.26473
44.94616,-93.29667
44.96744,-93.28552
44.98741,-93.27124
44.97782,-93.25556
44.97086,-93.27827
44.95039,-93.31433
44.97689,-93.26762
44.92824,-93.2975
44.95681,-93.29663
44.944,-93.30178
44.96231,-93.26574
44.97786,-93.23242
44.96522,-93.27275
44.97844,-93.26353
44.96741,-93.2632
44.93844,-93.29039
45.00653,-93.22929
44.93704,-93.29167
44.96353,-93.2468
44.92866,-93.27651
44.9731,-93.26457
44.93892,-93.27844
44.96817,-93.22256
44.94196,-93.27922
44.98298,-93.25138
44.98208,-93.24913
44.9155,-93.2095
44.94115,-93.28524
44.98264,-93.25054
44.94835,-93.29446
44.98741,-93.27124
44.98168,-93.23505
44.99972,-93.26634
44.95077,-93.29127
44.93973,-93.29365
44.96414,-93.26467
44.96933,-93.28135
44.95035,-93.26265
44.98845,-93.25869
44.94851,-93.24007
44.98329,-93.23333
44.98296,-93.23222
44.97022,-93.24725
45.01222,-93.28574
44.96486,-93.26626
44.97482,-93.24672
44.98187,-93.26373
44.94864,-93.20659
44.96933,-93.28135
44.92367,-93.31534
44.94989,-93.31518
44.9613,-93.23952
44.97828,-93.27603
45.01087,-93.26331
44.95662,-93.29538
44.97347,-93.22568
44.91329,-93.23254
45.01141,-93.22559
44.98208,-93.24913
44.96876,-93.29097
44.98767,-93.24768
44.98119,-93.23728
44.96248,-93.23171
44.98189,-93.23627
44.96297,-93.28767
44.94937,-93.28851
44.94579,-93.29413
44.97243,-93.26948
44.96727,-93.22243
44.97322,-93.26977
44.94136,-93.25391
44.94946,-93.31893
44.97184,-93.22098
44.96522,-93.27965
44.92028,-93.26606
44.94937,-93.28851
44.96474,-93.2607
44.97732,-93.26956
44.97968,-93.2747
44.94324,-93.28773
44.95153,-93.31818
44.93087,-93.27625
44.96933,-93.28135
44.9542,-93.28642
44.94907,-93.31457
44.97632,-93.26625
44.98854,-93.22175
44.99176,-93.23293
44.96437,-93.2789
44.95076,-93.29634
44.94903,-93.30432
44.97837,-93.26124
44.95211,-93.29344
44.92503,-93.32719
44.98147,-93.235
44.97675,-93.25436
44.90523,-93.28811
44.97027,-93.24695
44.96876,-93.29097
44.9485,-93.28957
44.99119,-93.2335
44.9731,-93.26457
44.97647,-93.25106
44.94812,-93.28775
44.95355,-93.29971
44.98206,-93.27369
44.98854,-93.23477
44.97039,-93.22721
44.97821,-93.26928
44.98777,-93.27542
44.9485,-93.28926
44.93774,-93.25241
44.97514,-93.28166
44.99,-93.25265
44.97382,-93.24656
44.95002,-93.31742
44.98491,-93.23796
44.94499,-93.31961
44.98223,-93.26498
44.94836,-93.29065
44.97477,-93.26571
44.97224,-93.27886
44.95067,-93.28741
44.94958,-93.29868
44.93994,-93.29492
44.93829,-93.25911
44.96308,-93.27312
44.98148,-93.23477
44.94756,-93.29922
44.96249,-93.2889
44.9895,-93.2811
44.98296,-93.23222
44.94867,-93.31758
44.95049,-93.31743
44.9485,-93.28957
44.98796,-93.22681
44.95554,-93.25118
44.98527,-93.27383
44.97878,-93.27484
44.95067,-93.28741
44.94394,-93.27318
44.96933,-93.28135
44.97281,-93.24645
44.97624,-93.25383
44.97624,-93.25383
44.97852,-93.25938
44.95058,-93.29
44.98746,-93.25676
44.96744,-93.28552
44.95058,-93.29
44.98208,-93.24913
44.95532,-93.29891
44.95708,-93.22456
44.94757,-93.29922
44.9854,-93.24772
44.98168,-93.23505
44.97644,-93.26153
44.94152,-93.28102
44.90753,-93.22124
44.94957,-93.31547
44.95144,-93.26964
44.98189,-93.23627
44.97096,-93.24696
44.9485,-93.28926
44.97624,-93.25383
44.97235,-93.22441
44.97536,-93.27857
44.96605,-93.21943
44.99022,-93.24761
44.95243,-93.28085
45.04461,-93.29927
44.95048,-93.26231
44.97216,-93.27748
45.02616,-93.22924
45.00568,-93.26597
44.96869,-93.22654
44.92768,-93.26595
44.92784,-93.26212
44.98578,-93.24619
44.94705,-93.28466
44.94629,-93.2892
44.999,-93.31296
44.97083,-93.31429
44.951,-93.29025
44.91237,-93.3087
44.98591,-93.2368
44.93388,-93.24682
44.97694,-93.27084
44.95113,-93.29424
44.97644,-93.26153
44.98412,-93.24849
44.96935,-93.26149
44.95234,-93.28014
44.98563,-93.24906
44.97689,-93.26762
44.97561,-93.28084
44.98139,-93.26568
44.97785,-93.25385
44.97271,-93.21094
44.99012,-93.23349
44.98161,-93.24221
44.96805,-93.21005
44.94401,-93.2784
44.98203,-93.23638
44.98146,-93.24106
44.92824,-93.24947
44.94589,-93.25654
44.96225,-93.27056
44.97798,-93.27301
44.95938,-93.29272
44.94957,-93.31547
44.95067,-93.28741
44.93537,-93.28473
44.97568,-93.25156
44.9663,-93.2821
44.95968,-93.28966
44.96172,-93.28244
44.94743,-93.29732
44.94338,-93.29742
44.95254,-93.27625
44.97315,-93.26745
44.98602,-93.26926
44.94851,-93.30479
44.94311,-93.29797
44.944,-93.30178
44.96384,-93.24692
44.94891,-93.30111
44.97632,-93.26625
44.96817,-93.22256
44.91738,-93.28406
44.94634,-93.28536
44.9155,-93.2095
44.94291,-93.28686
44.98602,-93.26926
44.95003,-93.29444
44.98299,-93.23906
44.98557,-93.23883
44.95099,-93.26467
44.98777,-93.27542
44.98699,-93.27048
44.96845,-93.2892
44.94926,-93.30229
44.94499,-93.31961
44.97184,-93.22098
44.94865,-93.3024
44.94326,-93.2967
44.98208,-93.24913
44.94026,-93.28542
44.95708,-93.29465
44.97883,-93.27617
44.98867,-93.28001
44.96381,-93.27566
44.93844,-93.29039
44.95067,-93.28741
44.97314,-93.2719
44.96188,-93.29727
44.96152,-93.27697
44.98202,-93.27118
44.95076,-93.29634
44.97624,-93.25383
44.95129,-93.29661
44.97326,-93.21731
44.95058,-93.29
44.96371,-93.26467
44.98778,-93.25407
44.96998,-93.24408
44.96556,-93.2837
45.0104,-93.24206
44.9877,-93.23364
44.96431,-93.27312
44.98208,-93.24913
44.96009,-93.25075
44.9687,-93.27461
45.01614,-93.25109
44.93933,-93.26092
44.99105,-93.30511
44.99067,-93.25155
44.92169,-93.28789
44.9183,-93.21461
44.89723,-93.26446
44.90452,-93.26224
44.94713,-93.27882
44.97592,-93.27306
44.96069,-93.2337
44.96343,-93.23999
45.01317,-93.26294
44.95774,-93.2935
44.96933,-93.28135
44.9587,-93.26192
44.96176,-93.29781
44.98875,-93.28147
44.97349,-93.22372
44.94769,-93.29102
44.97941,-93.26365
44.96505,-93.27565
44.94479,-93.2668
44.97647,-93.25106
44.97039,-93.22721
44.97207,-93.26244
44.98203,-93.2433
45.01691,-93.2457
44.92034,-93.22079
44.94611,-93.23941
45.00903,-93.24717
44.99773,-93.24589
44.99105,-93.30511
44.95155,-93.2182
45.01483,-93.24937
44.99698,-93.30256
44.99403,-93.31169
44.94564,-93.27753
44.95733,-93.2486
44.95502,-93.25532
44.95076,-93.29634
44.98695,-93.24187
44.97391,-93.28026
44.95211,-93.27572
44.96311,-93.2126
44.93688,-93.28915
44.99105,-93.30511
44.95614,-93.23195
44.98399,-93.23482
44.9726,-93.28103
44.9408,-93.22925
44.94416,-93.24904
44.93817,-93.26803
44.9407,-93.3
44.96357,-93.25775
44.9184,-93.31671
45.01012,-93.29089
44.94006,-93.26929
44.95597,-93.28386
44.9507,-93.29252
44.98499,-93.2808
44.90558,-93.29374
44.9726,-93.28103
44.95182,-93.21746
44.9726,-93.28103
44.988,-93.2465
44.95803,-93.22354
44.92851,-93.28403
44.91329,-93.2796
44.91329,-93.2796
44.97413,-93.26662
44.96662,-93.27901
44.98189,-93.23627
44.90088,-93.26233
44.98499,-93.2808
44.95399,-93.28337
44.94982,-93.28828
44.96948,-93.22072
44.97941,-93.26365
44.90539,-93.20759
44.9485,-93.28957
44.97349,-93.22372
45.01531,-93.25226
44.9485,-93.28957
44.98168,-93.23505
44.96431,-93.27312
44.92652,-93.2325
44.97506,-93.27402
44.96374,-93.2724
44.94954,-93.26357
44.94615,-93.27729
44.99,-93.25265
44.93026,-93.22305
44.99924,-93.29903
44.99105,-93.30511
45.01091,-93.30732
45.05052,-93.29884
44.95654,-93.28896
44.94492,-93.29741
44.98737,-93.30485
44.94805,-93.23511
44.98699,-93.27048
44.99786,-93.29749
45.01573,-93.2541
44.9184,-93.32578
44.91329,-93.2796
44.95913,-93.24967
45.01497,-93.25309
44.9794,-93.30897
44.92966,-93.24187
44.90371,-93.2643
44.93656,-93.28471
44.92736,-93.22605
44.9515,-93.23568
44.96356,-93.26066
44.96357,-93.26147
44.91293,-93.21313
45.01308,-93.24358
44.96039,-93.32732
45.01012,-93.29089
44.94729,-93.25796
0,0
44.94492,-93.24022
44.96224,-93.2721
44.94567,-93.24362
44.94989,-93.31518
44.9762,-93.26786
44.97014,-93.2227
44.98196,-93.24923
44.98748,-93.24642
44.951,-93.29025
44.9693,-93.22692
44.93709,-93.2904
45.01664,-93.24955
45.00262,-93.20948
44.98847,-93.27456
44.94295,-93.23207
44.96911,-93.25545
44.9402,-93.28092
44.98223,-93.26498
45.0289,-93.28509
44.98922,-93.24758
44.96222,-93.21009
44.95822,-93.27403
45.01711,-93.24538
44.99474,-93.25389
44.9575,-93.28247
44.93275,-93.22706
44.99818,-93.29061
44.94779,-93.28862
44.99078,-93.23439
44.96744,-93.28552
44.9609,-93.27148
44.98922,-93.24758
44.93382,-93.23249
44.96377,-93.28535
44.98091,-93.23969
44.975,-93.28199
44.96662,-93.27901
44.96911,-93.25545
44.9802,-93.30888
44.98623,-93.23684
44.97482,-93.24672
44.97391,-93.28026
44.96332,-93.26559
44.94232,-93.27752
44.98223,-93.26498
44.94805,-93.23511
44.96298,-93.25584
44.95194,-93.269
44.96003,-93.23672
44.93838,-93.27369
44.94853,-93.28865
44.90687,-93.31663
44.93986,-93.27627
44.97592,-93.27306
44.93973,-93.29365
44.988,-93.2465
44.93625,-93.2904
44.90396,-93.23523
44.94503,-93.28467
44.9668,-93.28161
44.98965,-93.22935
44.97692,-93.31181
44.91205,-93.31922
44.91967,-93.21867
44.95489,-93.29605
45.01021,-93.26629
44.98208,-93.24913
44.95734,-93.25241
44.98412,-93.24849
44.9032,-93.22199
44.90874,-93.25972
44.92396,-93.27834
44.99054,-93.31789
44.98298,-93.25138
44.97725,-93.27515
44.99,-93.25265
44.96865,-93.26708
44.94758,-93.28718
44.95113,-93.29424
44.97941,-93.26365
44.96933,-93.28135
44.98682,-93.24743
44.90165,-93.27963
44.9828,-93.2452
44.94074,-93.28187
44.98395,-93.26849
44.95374,-93.24864
44.97243,-93.26948
45.01427,-93.22796
44.89528,-93.25947
45.0175,-93.3168
44.98046,-93.30615
45.01439,-93.30102
45.02143,-93.28895
44.948,-93.27576
45.01529,-93.24931
44.94739,-93.23942
44.94907,-93.29228
44.96776,-93.26722
44.96191,-93.28708
,
44.94002,-93.29364
44.97599,-93.27585
44.97802,-93.27702
44.97184,-93.22098
45.0133,-93.24996
44.99,-93.25265
44.97438,-93.26789
44.98118,-93.24114
44.97941,-93.26365
44.97184,-93.22098
45.00903,-93.24717
44.97852,-93.25938
44.98295,-93.26903
44.91181,-93.31468
44.9198,-93.2247
45.01438,-93.24397
44.92034,-93.22079
44.91314,-93.29172
44.98109,-93.30303
44.99067,-93.25155
44.90874,-93.28646
44.94604,-93.30121
44.98892,-93.24356
44.96105,-93.28811
44.96253,-93.2405
44.94136,-93.25391
44.97632,-93.26625
44.98695,-93.24187
44.97939,-93.26993
44.96641,-93.22126
44.99884,-93.23704
44.95218,-93.24777
44.94288,-93.26153
45.00665,-93.28383
44.94189,-93.27752
44.96468,-93.27368
44.90941,-93.29492
44.95797,-93.28584
44.93083,-93.27698
44.91488,-93.26303
44.96652,-93.27971
44.97162,-93.3113
44.96878,-93.24752
44.988,-93.21266
44.94837,-93.28938
44.97632,-93.26625
44.9507,-93.29252
44.96755,-93.2804
44.98522,-93.22777
44.94928,-93.27776
44.95101,-93.22883
44.94312,-93.28722
44.94567,-93.24362
44.98797,-93.23192
44.98693,-93.24261
44.96198,-93.25174
44.96456,-93.27623
44.97391,-93.31182
44.90413,-93.30066
44.97828,-93.26407
44.97852,-93.25938
44.96299,-93.24045
44.93985,-93.27753
45.00581,-93.24292
45.00903,-93.24717
44.97941,-93.26365
44.98377,-93.26972
44.96668,-93.25775
44.98049,-93.23578
44.90874,-93.28646
44.94837,-93.23428
44.98223,-93.26498
44.98395,-93.26849
44.97852,-93.25938
44.98067,-93.2724
44.91832,-93.26609
44.93648,-93.26037
45.01108,-93.25793
44.94244,-93.26298
44.96196,-93.22534
44.94779,-93.28862
44.93986,-93.26094
44.96039,-93.32732
45.02434,-93.23218
44.96233,-93.24217
44.97555,-93.26136
44.97413,-93.26662
44.95226,-93.25409
44.96683,-93.27971
44.94996,-93.26202
44.93661,-93.26213
44.98767,-93.24768
44.975,-93.28199
44.98635,-93.25086
44.93095,-93.2899
44.97361,-93.22568
0,0
44.95534,-93.29279
44.94567,-93.24362
44.99067,-93.25155
44.9726,-93.28103
44.98187,-93.26373
44.99,-93.25265
44.97349,-93.22372
44.99,-93.25265
44.9895,-93.2811
44.97852,-93.25938
44.9668,-93.28161
44.97498,-93.27386