Case Number,Incident Date,District,Grid,x_coordinate,y_coordinate,Status,Code,Recovered Date
MP2018192164        ,6/11/18,3,63,-10377449,5610677,7,4,NULL
MP2018700189        ,6/12/18,2,35,-10380907,5619752,7,4,NULL
MP2018700062        ,6/7/18,1,33,-10381939,5616624,7,4,NULL
MP2018196281        ,6/14/18,1,88,-10380849,5617554,7,4,NULL
MP2018196281        ,6/14/18,1,88,-10380849,5617554,7,4,NULL
MP2018700219        ,6/14/18,5,69,-10388486,5611157,7,4,NULL
MP2018197443        ,6/15/18,2,35,-10378773,5619195,7,4,NULL
MP2018246193        ,7/24/18,5,70,-10384844,5611508,7,4,NULL
MP2018701188        ,7/27/18,2,39,-10376697,5616849,7,4,NULL
MP2018250813        ,7/27/18,5,46,-10386386,5612853,7,4,NULL
MP2018250813        ,7/27/18,5,46,-10386386,5612853,7,4,NULL
MP2018250813        ,7/27/18,5,46,-10386386,5612853,7,4,NULL
MP2018250813        ,7/27/18,5,46,-10386386,5612853,7,4,NULL
MP2018252207        ,7/28/18,3,83,-10377571,5606484,7,4,NULL
MP2018252207        ,7/28/18,3,83,-10377571,5606484,7,4,NULL
MP2018701648        ,8/17/18,2,17,-10382631,5621518,7,4,NULL
MP2018701648        ,8/17/18,2,17,-10382631,5621518,7,4,NULL
MP2018277247        ,8/17/18,3,54,-10382983,5613270,7,4,NULL
MP2018279515        ,8/19/18,5,51,-10384452,5615592,7,4,NULL
MP2018700549        ,6/29/18,1,38,-10379580,5616345,7,4,NULL
MP2018701699        ,8/19/18,2,20,-10377972,5622375,7,4,9/11/18
MP2018326811        ,9/27/18,3,64,-10376071,5609024,7,4,NULL
MP2018702514        ,9/29/18,1,40,-10379812,5616982,7,4,NULL
MP2018702562        ,10/2/18,5,45,-10384856,5613739,7,4,NULL
MP2018702562        ,10/2/18,5,45,-10384856,5613739,7,4,NULL
MP2018376997        ,11/12/18,5,47,-10385881,5612597,7,4,NULL
MP2018376997        ,11/12/18,5,47,-10385881,5612597,7,4,NULL
MP2018209503        ,6/24/18,5,44,-10386536,5613890,7,4,NULL
MP2018211674        ,6/26/18,4,24,-10385622,5621389,7,4,NULL
MP2018261056        ,8/4/18,5,66,-10386889,5606109,7,4,8/27/18
MP2018261994        ,8/5/18,2,15,-10380982,5623913,7,4,NULL
MP2018260855        ,8/4/18,4,24,-10386530,5622116,7,4,NULL
MP2018260855        ,8/4/18,4,24,-10386530,5622116,7,4,NULL
MP2018701374        ,8/5/18,2,35,-10380127,5618905,7,4,NULL
MP2018263709        ,8/6/18,1,87,-10382778,5618458,7,4,NULL
MP2018701438        ,8/7/18,3,60,-10379428,5615765,7,4,NULL
MP2018266282        ,8/8/18,1,38,-10380151,5616499,7,4,NULL
MP2018701678        ,8/18/18,1,33,-10381539,5616544,7,4,NULL
MP2018283422        ,8/22/18,5,70,-10385829,5610230,7,4,NULL
MP2018701811        ,8/24/18,5,45,-10385137,5613611,7,4,NULL
MP2018701781        ,8/22/18,5,45,-10385137,5613611,7,4,NULL
MP2018271022        ,8/12/18,2,22,-10381198,5621194,7,4,8/11/18
MP2018290704        ,8/28/18,5,44,-10385989,5613787,7,4,NULL
MP2018333256        ,10/3/18,5,44,-10386444,5613811,7,4,NULL
MP2018333256        ,10/3/18,5,44,-10386444,5613811,7,4,NULL
MP2018702616        ,10/4/18,5,72,-10387996,5607888,7,4,NULL
MP2018702628        ,10/4/18,2,39,-10377458,5617723,7,4,NULL
MP2018702631        ,10/4/18,5,45,-10385674,5613443,7,4,NULL
MP2018702650        ,10/5/18,1,31,-10383779,5616482,7,4,NULL
MP2018337271        ,10/6/18,1,31,-10384556,5616229,7,4,NULL
MP2018381146        ,11/16/18,5,41,-10389101,5614304,7,4,NULL
MP2018382144        ,11/17/18,5,68,-10384201,5606189,7,4,NULL
MP2018382144        ,11/17/18,5,68,-10384201,5606189,7,4,NULL
MP2018703576        ,11/17/18,1,87,-10381939,5618650,7,4,NULL
MP2018703582        ,11/17/18,5,45,-10385513,5614766,7,4,NULL
MP2018386331        ,11/21/18,3,74,-10382977,5609258,7,4,NULL
MP2018413755        ,12/19/18,3,63,-10376638,5612216,7,4,NULL
MP2018704237        ,12/20/18,2,39,-10377221,5616857,7,4,NULL
MP2018704275        ,12/22/18,3,55,-10381940,5612011,7,4,NULL
MP2018700827        ,7/10/18,3,61,-10378619,5613305,7,4,NULL
MP2018700912        ,7/14/18,3,90,-10381946,5615329,7,4,NULL
MP2018235571        ,7/15/18,3,60,-10379089,5615138,7,4,NULL
MP2018235896        ,7/15/18,3,63,-10377287,5610904,7,4,NULL
MP2018701496        ,8/10/18,5,53,-10384785,5613119,7,4,NULL
MP2018268780        ,8/10/18,5,45,-10385668,5614422,7,4,NULL
MP2018701543        ,8/12/18,5,32,-10384616,5615747,7,4,NULL
MP2018272540        ,8/13/18,2,39,-10377838,5617526,7,4,NULL
MP2018701565        ,8/13/18,2,39,-10377296,5616726,7,4,NULL
MP2018323077        ,9/24/18,1,33,-10381897,5617521,7,4,NULL
MP2018702392        ,9/24/18,2,35,-10378939,5618738,7,4,NULL
MP2018192522        ,6/11/18,5,47,-10384896,5612205,7,4,6/12/18
MP2018193297        ,6/12/18,3,59,-10378449,5611293,7,4,NULL
MP2018700181        ,6/12/18,2,37,-10378202,5619368,7,4,NULL
MP2018700196        ,6/13/18,2,35,-10378785,5618759,7,4,NULL
MP2018700203        ,6/13/18,5,43,-10385237,5615967,7,4,NULL
MP2018700248        ,6/15/18,2,35,-10378939,5618738,7,4,NULL
MP2018700249        ,6/15/18,3,89,-10381083,5615234,7,4,NULL
MP2018245854        ,7/23/18,5,45,-10385064,5614778,7,4,NULL
MP2018246913        ,7/24/18,3,89,-10381192,5615695,7,4,NULL
MP2018701119        ,7/24/18,1,87,-10383285,5617269,7,4,NULL
MP2018247196        ,7/24/18,3,55,-10381313,5612117,7,4,NULL
MP2018251217        ,7/27/18,2,39,-10377789,5617122,7,4,NULL
MP2018251217        ,7/27/18,2,39,-10377789,5617122,7,4,NULL
MP2018278643        ,8/18/18,3,92,-10379379,5613467,7,4,NULL
MP2018279384        ,8/19/18,1,86,-10384592,5618170,7,4,NULL
MP2018279384        ,8/19/18,1,86,-10384592,5618170,7,4,NULL
MP2018282090        ,8/21/18,1,87,-10383308,5618182,7,4,NULL
MP2018701730        ,8/20/18,5,47,-10384890,5612916,7,4,NULL
MP2018701714        ,8/20/18,5,45,-10385770,5613960,7,4,NULL
MP2018702448        ,9/26/18,2,39,-10377403,5616666,7,4,NULL
MP2018702497        ,9/28/18,3,60,-10378709,5614501,7,4,NULL
MP2018702543        ,10/1/18,1,31,-10384318,5616416,7,4,NULL
MP2018703540        ,11/15/18,3,63,-10377988,5610941,7,4,NULL
MP2018700362        ,6/22/18,5,45,-10385165,5614178,7,4,NULL
MP2018700389        ,6/21/18,3,61,-10379013,5613549,7,4,NULL
MP2018206510        ,6/22/18,5,44,-10386098,5614303,7,4,NULL
MP2018205129        ,6/23/18,1,31,-10383839,5616736,7,4,NULL
MP2018212624        ,6/27/18,3,60,-10379606,5615653,7,4,NULL
MP2018260955        ,8/4/18,5,66,-10388103,5605154,7,4,NULL
MP2018260955        ,8/4/18,5,66,-10388103,5605154,7,4,NULL
MP2018264460        ,8/7/18,3,59,-10380065,5611649,7,4,NULL
MP2018701408        ,8/6/18,2,40,-10378571,5617625,7,4,NULL
MP2018701429        ,8/7/18,3,76,-10377067,5608884,7,4,NULL
MP2018701660        ,8/17/18,3,91,-10381739,5613544,7,4,NULL
MP2018283895        ,8/22/18,3,61,-10378799,5613292,7,4,NULL
MP2018283443        ,8/22/18,3,61,-10378367,5612578,7,4,NULL
MP2018284470        ,8/23/18,5,46,-10386609,5613011,7,4,NULL
MP2018701768        ,8/22/18,3,61,-10378614,5613652,7,4,NULL
MP2018701802        ,8/23/18,5,45,-10385812,5613894,7,4,NULL
MP2018701801        ,8/23/18,3,59,-10378441,5611173,7,4,NULL
MP2018285883        ,8/24/18,3,92,-10380204,5614420,7,4,NULL
MP2018288573        ,8/27/18,3,54,-10382619,5613045,7,4,NULL
MP2018702585        ,10/3/18,2,40,-10378170,5617375,7,4,NULL
MP2018337157        ,10/6/18,1,87,-10381999,5617788,7,4,NULL
MP2018337287        ,10/6/18,3,54,-10382265,5611556,7,4,NULL
MP2018703591        ,11/18/18,5,45,-10385812,5613894,7,4,NULL
MP2018704222        ,12/19/18,5,47,-10385027,5613309,7,4,NULL
MP2018700822        ,7/10/18,2,39,-10376048,5616825,7,4,NULL
MP2018229722        ,7/11/18,5,45,-10385352,5613841,7,4,NULL
MP2018700878        ,7/11/18,2,34,-10381539,5619616,7,4,NULL
MP2018236341        ,7/16/18,5,53,-10383607,5612758,7,4,NULL
MP2018236142        ,7/16/18,3,76,-10380201,5609798,7,4,NULL
MP2018701591        ,8/15/18,3,54,-10383216,5611976,7,4,NULL
MP2018274350        ,8/15/18,3,60,-10379428,5615765,7,4,NULL
MP2018702341        ,9/23/18,2,40,-10378260,5617445,7,4,NULL
MP2018703013        ,10/22/18,5,44,-10385673,5614859,7,4,NULL
MP2018703030        ,10/23/18,1,87,-10382778,5618458,7,4,NULL
MP2018703072        ,10/24/18,3,64,-10375869,5610086,7,4,NULL
MP2018353122        ,10/21/18,4,26,-10387691,5622814,7,4,NULL
MP2018700265        ,6/16/18,2,15,-10380644,5623077,7,4,NULL
MP2018200135        ,6/17/18,4,25,-10384649,5622143,7,4,NULL
MP2018204111        ,6/20/18,4,50,-10387503,5617663,7,4,NULL
MP2018701219        ,7/29/18,5,45,-10385020,5614725,7,4,NULL
MP2018701227        ,7/29/18,5,69,-10387737,5609657,7,4,NULL
MP2018701241        ,7/30/18,5,45,-10385817,5613560,7,4,NULL
MP2018701282        ,7/31/18,2,35,-10380335,5618961,7,4,NULL
MP2018292959        ,8/31/18,5,51,-10384719,5614051,7,4,NULL
MP2018701904        ,8/30/18,1,87,-10382536,5618522,7,4,NULL
MP2018298717        ,9/4/18,5,53,-10384546,5612332,7,4,NULL
MP2018340651        ,10/9/18,4,24,-10387871,5623256,7,4,NULL
MP2018700131        ,6/12/18,2,39,-10377458,5617723,7,4,NULL
MP2018700131        ,6/12/18,2,39,-10377458,5617723,7,4,NULL
MP2018700125        ,6/10/18,5,71,-10384368,5611151,7,4,NULL
MP2018700211        ,6/14/18,1,87,-10382352,5617793,7,4,NULL
MP2018700211        ,6/14/18,1,87,-10382352,5617793,7,4,NULL
MP2018196271        ,6/14/18,5,53,-10383979,5612691,7,4,NULL
MP2018700247        ,6/15/18,5,45,-10385447,5613913,7,4,NULL
MP2018245460        ,7/23/18,2,37,-10377472,5620126,7,4,NULL
MP2018701149        ,7/26/18,3,59,-10377986,5610302,7,4,NULL
MP2018276329        ,8/16/18,4,50,-10387565,5617586,7,4,NULL
MP2018277037        ,8/17/18,2,15,-10380570,5623636,7,4,NULL
MP2018279962        ,8/19/18,2,35,-10378804,5618445,7,4,NULL
MP2018280984        ,8/20/18,3,77,-10383124,5608826,7,4,NULL
MP2018701689        ,8/19/18,1,33,-10381332,5616401,7,4,NULL
MP2018701688        ,8/19/18,5,71,-10384377,5608871,7,4,NULL
MP2018702447        ,9/26/18,2,35,-10378872,5618605,7,4,NULL
MP2018326474        ,9/27/18,3,92,-10379654,5613457,7,4,NULL
MP2018326445        ,9/27/18,3,58,-10380570,5610409,7,4,NULL
MP2018326445        ,9/27/18,3,58,-10380570,5610409,7,4,NULL
MP2018326445        ,9/27/18,3,58,-10380570,5610409,7,4,NULL
MP2018326806        ,9/27/18,3,63,-10377832,5611260,7,4,NULL
MP2018326806        ,9/27/18,3,63,-10377832,5611260,7,4,NULL
MP2018702524        ,9/30/18,2,39,-10376966,5617385,7,4,NULL
MP2018205734        ,6/21/18,3,89,-10380805,5615089,7,4,NULL
MP2018700407        ,6/23/18,2,23,-10379639,5620909,7,4,NULL
MP2018210128        ,6/25/18,5,44,-10386375,5613441,7,4,NULL
MP2018700417        ,6/24/18,2,39,-10376420,5615905,7,4,NULL
MP2018262946        ,8/6/18,3,64,-10377158,5610339,7,4,NULL
MP2018265805        ,8/8/18,5,46,-10386584,5613065,7,4,NULL
MP2018701406        ,8/6/18,3,91,-10381666,5613959,7,4,NULL
MP2018267296        ,8/9/18,3,61,-10377286,5613653,7,4,NULL
MP2018701670        ,8/17/18,3,81,-10377519,5607774,7,4,NULL
MP2018282215        ,8/22/18,2,35,-10379514,5619005,7,4,NULL
MP2018283694        ,8/22/18,NULL,NULL,NULL,NULL,7,4,NULL
MP2018289616        ,8/28/18,5,70,-10385121,5611527,7,4,NULL
MP2018702575        ,10/3/18,5,51,-10384727,5615468,7,4,NULL
MP2018702596        ,10/3/18,2,39,-10377679,5617013,7,4,NULL
MP2018702623        ,10/4/18,2,35,-10378785,5618759,7,4,NULL
MP2018339231        ,10/8/18,5,53,-10384610,5611794,7,4,NULL
MP2018703597        ,11/18/18,1,86,-10382989,5619555,7,4,NULL
MP2018385907        ,11/21/18,4,6,-10386362,5624111,7,4,NULL
MP2018385264        ,11/20/18,3,76,-10378515,5609060,7,4,NULL
MP2018385264        ,11/20/18,3,76,-10378515,5609060,7,4,NULL
MP2018385264        ,11/20/18,3,76,-10378515,5609060,7,4,NULL
MP2018700815        ,7/10/18,1,87,-10382369,5618802,7,4,NULL
MP2018700890        ,7/13/18,5,51,-10384452,5615554,7,4,NULL
MP2018700887        ,7/13/18,5,44,-10386202,5614707,7,4,NULL
MP2018700887        ,7/13/18,5,44,-10386202,5614707,7,4,NULL
MP2018700867        ,7/11/18,1,87,-10383717,5618488,7,4,NULL
MP2018700867        ,7/11/18,1,87,-10383717,5618488,7,4,NULL
MP2018269727        ,8/11/18,4,24,-10387692,5623077,7,4,NULL
MP2018701558        ,8/13/18,1,33,-10382036,5616847,7,4,NULL
MP2018701558        ,8/13/18,1,33,-10382036,5616847,7,4,NULL
MP2018271706        ,8/13/18,5,68,-10383488,5605600,7,4,NULL
MP2018272411        ,8/13/18,5,53,-10383795,5612389,7,4,NULL
MP2018273247        ,8/14/18,3,82,-10381442,5605977,7,4,NULL
MP2018702342        ,9/23/18,1,38,-10380236,5616267,7,4,NULL
MP2018702374        ,9/24/18,1,33,-10381927,5617126,7,4,NULL
MP2018323596        ,9/24/18,5,72,-10389099,5607929,7,4,NULL
MP2018355736        ,10/23/18,3,79,-10380919,5606827,7,4,NULL
MP2018703108        ,10/25/18,5,45,-10385668,5614477,7,4,NULL
MP2018703937        ,12/6/18,2,35,-10378976,5618608,7,4,NULL
MP2018201510        ,6/18/18,5,43,-10385724,5615416,7,4,NULL
MP2018202419        ,6/19/18,5,71,-10383646,5610262,7,4,NULL
MP2018201168        ,6/18/18,4,28,-10386032,5618646,7,4,NULL
MP2018203115        ,6/20/18,5,51,-10383601,5614557,7,4,NULL
MP2018701207        ,7/28/18,3,60,-10376647,5614568,7,4,NULL
MP2018254355        ,7/30/18,NULL,NULL,NULL,NULL,7,4,NULL
MP2018254355        ,7/30/18,NULL,NULL,NULL,NULL,7,4,NULL
MP2018255018        ,7/30/18,4,25,-10385434,5622608,7,4,NULL
MP2018700182        ,6/12/18,2,35,-10378612,5619121,7,4,NULL
MP2018700169        ,6/11/18,3,80,-10378567,5607199,7,4,NULL
MP2018700169        ,6/11/18,3,80,-10378567,5607199,7,4,NULL
MP2018196703        ,6/14/18,1,86,-10384563,5619247,7,4,NULL
MP2018198039        ,6/16/18,4,3,-10388219,5627981,7,4,NULL
MP2018198039        ,6/16/18,4,3,-10388219,5627981,7,4,NULL
MP2018251557        ,7/27/18,5,44,-10386453,5613441,7,4,NULL
MP2018252461        ,7/28/18,NULL,NULL,NULL,NULL,7,4,NULL
MP2018274562        ,8/16/18,3,92,-10380391,5615221,7,4,NULL
MP2018276188        ,8/16/18,3,55,-10380855,5611750,7,4,NULL
MP2018279958        ,8/19/18,2,14,-10382221,5623535,7,4,NULL
MP2018280607        ,8/20/18,3,54,-10382053,5613031,7,4,NULL
MP2018281597        ,8/21/18,3,61,-10378670,5613398,7,4,NULL
MP2018326659        ,9/27/18,5,51,-10384453,5615218,7,4,NULL
MP2018702501        ,9/29/18,5,68,-10383551,5604997,7,4,NULL
MP2018702501        ,9/29/18,5,68,-10383551,5604997,7,4,NULL
MP2018332635        ,10/2/18,5,47,-10385818,5613079,7,4,NULL
MP2018703431        ,11/9/18,5,45,-10384881,5615682,7,4,NULL
MP2018703431        ,11/9/18,5,45,-10384881,5615682,7,4,NULL
MP2018700394        ,6/21/18,2,40,-10378828,5617256,7,4,NULL
MP2018210198        ,6/25/18,3,60,-10378017,5615209,7,4,NULL
MP2018700461        ,6/25/18,1,87,-10382352,5617793,7,4,NULL
MP2018700461        ,6/25/18,1,87,-10382352,5617793,7,4,NULL
MP2018700521        ,6/27/18,1,87,-10383717,5618488,7,4,NULL
MP2018260124        ,8/3/18,5,45,-10384829,5613903,7,4,NULL
MP2018701680        ,8/18/18,1,87,-10383717,5618488,7,4,NULL
MP2018283070        ,8/22/18,1,87,-10382901,5618859,7,4,NULL
MP2018284829        ,8/23/18,2,17,-10382049,5622152,7,4,NULL
MP2018701782        ,8/22/18,3,59,-10378175,5611156,7,4,NULL
MP2018701809        ,8/23/18,1,86,-10383421,5619459,7,4,NULL
MP2018701780        ,8/22/18,3,60,-10377956,5615703,7,4,NULL
MP2018701777        ,8/22/18,3,89,-10380983,5615656,7,4,NULL
MP2018702590        ,10/3/18,1,33,-10381563,5617217,7,4,NULL
MP2018702586        ,10/3/18,2,35,-10380029,5618788,7,4,NULL
MP2018333501        ,10/3/18,2,40,-10378216,5617322,7,4,NULL
MP2018703619        ,11/19/18,5,47,-10385821,5612611,7,4,NULL
MP2018704259        ,12/21/18,5,47,-10384966,5613279,7,4,NULL
MP2018230873        ,7/11/18,1,87,-10382736,5618188,7,4,NULL
MP2018700905        ,7/14/18,3,89,-10380983,5615656,7,4,NULL
MP2018700913        ,7/15/18,5,45,-10385023,5613811,7,4,NULL
MP2018701471        ,8/9/18,2,37,-10378585,5620145,7,4,NULL
MP2018701493        ,8/9/18,3,60,-10379584,5615485,7,4,NULL
MP2018271844        ,8/13/18,5,45,-10384824,5614360,7,4,NULL
MP2018271844        ,8/13/18,5,45,-10384824,5614360,7,4,NULL
MP2018273381        ,8/14/18,4,4,-10385537,5626817,7,4,NULL
MP2018273381        ,8/14/18,4,4,-10385537,5626817,7,4,8/21/18
MP2018273381        ,8/14/18,4,4,-10385537,5626817,7,4,8/21/18
MP2018702339        ,9/23/18,5,53,-10384547,5612255,7,4,NULL
MP2018702362        ,9/24/18,5,51,-10384211,5614523,7,4,NULL
MP2018323089        ,9/24/18,5,51,-10383974,5614661,7,4,NULL
MP2018323089        ,9/24/18,5,51,-10383974,5614661,7,4,NULL
MP2018702382        ,9/24/18,1,31,-10384089,5616442,7,4,NULL
MP2018324314        ,9/25/18,5,41,-10387649,5613725,7,4,NULL
MP2018324578        ,9/25/18,3,59,-10379639,5611247,7,4,NULL
MP2018702440        ,9/26/18,2,40,-10379003,5617228,7,4,NULL
MP2018703008        ,10/22/18,2,40,-10378176,5617010,7,4,NULL
MP2018703027        ,10/22/18,1,33,-10381729,5616454,7,4,NULL
MP2018356206        ,10/24/18,5,51,-10382898,5615604,7,4,NULL
MP2018700286        ,6/17/18,3,60,-10378255,5614681,7,4,NULL
MP2018700304        ,6/18/18,2,35,-10378976,5618608,7,4,NULL
MP2018700306        ,6/18/18,5,51,-10384355,5613960,7,4,NULL
MP2018700354        ,6/20/18,3,64,-10376738,5608557,7,4,NULL
MP2018204886        ,6/21/18,4,3,-10387427,5625725,7,4,NULL
MP2018253520        ,7/29/18,5,41,-10389053,5613686,7,4,NULL
MP2018253487        ,7/29/18,5,69,-10389105,5609133,7,4,NULL
MP2018701236        ,7/30/18,1,33,-10382442,5617125,7,4,NULL
MP2018254758        ,7/30/18,5,65,-10383481,5606634,7,4,7/30/18
MP2018701273        ,7/31/18,1,87,-10383291,5617426,7,4,NULL
MP2018257296        ,8/1/18,3,64,-10376213,5609205,7,4,8/1/18
MP2018253557        ,7/29/18,2,15,-10382003,5623594,7,4,NULL
MP2018700179        ,6/12/18,1,33,-10382626,5616533,7,4,NULL
MP2018700172        ,6/11/18,4,4,-10385625,5625583,7,4,NULL
MP2018700200        ,6/13/18,2,40,-10378774,5617095,7,4,NULL
MP2018700214        ,6/14/18,1,86,-10383720,5618584,7,4,NULL
MP2018700231        ,6/14/18,3,60,-10377427,5614341,7,4,NULL
MP2018246711        ,7/24/18,3,60,-10379133,5615518,7,4,NULL
MP2018246711        ,7/24/18,3,60,-10379133,5615518,7,4,NULL
MP2018246711        ,7/24/18,3,60,-10379133,5615518,7,4,NULL
MP2018701127        ,7/25/18,1,38,-10380145,5617246,7,4,NULL
MP2018701142        ,7/25/18,2,39,-10377412,5617061,7,4,NULL
MP2018250135        ,7/26/18,5,70,-10385829,5610230,7,4,NULL
MP2018250241        ,7/26/18,3,60,-10380337,5615640,7,4,NULL
MP2018701172        ,7/26/18,3,92,-10380773,5613879,7,4,NULL
MP2018250938        ,7/27/18,5,72,-10387319,5607686,7,4,NULL
MP2018701187        ,7/27/18,5,45,-10384879,5614783,7,4,NULL
MP2018252198        ,7/28/18,3,61,-10378188,5612519,7,4,NULL
MP2018701651        ,8/17/18,5,47,-10384879,5613069,7,4,NULL
MP2018701652        ,8/17/18,3,91,-10381744,5613727,7,4,NULL
MP2018700551        ,6/29/18,3,91,-10381238,5614524,7,4,NULL
MP2018700746        ,7/7/18,3,60,-10379428,5615765,7,4,NULL
MP2018701698        ,8/19/18,3,91,-10381670,5613395,7,4,NULL
MP2018325621        ,9/26/18,3,63,-10377832,5611260,7,4,NULL
MP2018702449        ,9/26/18,3,91,-10381668,5613666,7,4,NULL
MP2018377353        ,11/12/18,5,67,-10386404,5606180,7,4,NULL
MP2018377353        ,11/12/18,5,67,-10386404,5606180,7,4,NULL
MP2018378377        ,11/13/18,3,74,-10382614,5609051,7,4,NULL
MP2018409511        ,12/15/18,4,26,-10387631,5622025,7,4,NULL
MP2018205914        ,6/22/18,4,3,-10387802,5626346,7,4,NULL
MP2018206532        ,6/22/18,1,33,-10382443,5616587,7,4,NULL
MP2018206532        ,6/22/18,1,33,-10382443,5616587,7,4,NULL
MP2018700408        ,6/23/18,1,33,-10382367,5617240,7,4,NULL
MP2018700427        ,6/24/18,5,53,-10384266,5611976,7,4,NULL
MP2018700506        ,6/27/18,2,35,-10381092,5619108,7,4,NULL
MP2018263046        ,8/6/18,4,4,-10385019,5625314,7,4,NULL
MP2018164687        ,8/7/18,3,64,-10376349,5608217,7,4,NULL
MP2018264593        ,8/7/18,4,24,-10386024,5622364,7,4,NULL
MP2018265182        ,8/7/18,5,44,-10386088,5613441,7,4,NULL
MP2018701444        ,8/7/18,4,4,-10385898,5625301,7,4,NULL
MP2018701400        ,8/6/18,2,40,-10378828,5618217,7,4,NULL
MP2018701415        ,8/7/18,1,86,-10383141,5619365,7,4,NULL
MP2018701663        ,8/17/18,5,45,-10385021,5614598,7,4,NULL
MP2018701806        ,8/23/18,1,86,-10383635,5619414,7,4,NULL
MP2018288745        ,8/27/18,5,70,-10385507,5609448,7,4,NULL
MP2018290394        ,8/28/18,1,87,-10382352,5617793,7,4,NULL
MP2018334869        ,10/4/18,3,63,-10378184,5611954,7,4,NULL
MP2018702642        ,10/5/18,1,87,-10382233,5618339,7,4,NULL
MP2018702705        ,10/8/18,2,40,-10378176,5617010,7,4,NULL
MP2018702711        ,10/9/18,5,45,-10385445,5614676,7,4,NULL
MP2018704209        ,12/19/18,2,35,-10380395,5618912,7,4,NULL
MP2018704317        ,12/24/18,3,92,-10380248,5614524,7,4,NULL
MP2018700865        ,7/11/18,5,51,-10384160,5614314,7,4,NULL
MP2018700865        ,7/11/18,5,51,-10384160,5614314,7,4,NULL
MP2018233903        ,7/14/18,3,61,-10378799,5613292,7,4,NULL
MP2018234322        ,7/14/18,2,19,-10378662,5622786,7,4,7/14/18
MP2018700909        ,7/14/18,3,57,-10382071,5610736,7,4,NULL
MP2018267946        ,8/10/18,2,15,-10381490,5622697,7,4,8/10/18
MP2018269026        ,8/10/18,2,15,-10381831,5622695,7,4,8/11/18
MP2018269768        ,8/11/18,3,78,-10383133,5607024,7,4,NULL
MP2018273067        ,8/14/18,5,46,-10386475,5611806,7,4,NULL
MP2018273067        ,8/14/18,5,46,-10386475,5611806,7,4,NULL
MP2018273067        ,8/14/18,5,46,-10386475,5611806,7,4,NULL
MP2018273067        ,8/14/18,5,46,-10386475,5611806,7,4,NULL
MP2018701582        ,8/14/18,1,87,-10382576,5617743,7,4,NULL
MP2018701584        ,8/14/18,5,70,-10385829,5610230,7,4,NULL
MP2018702403        ,9/25/18,1,86,-10383882,5619738,7,4,NULL
MP2018325283        ,9/26/18,5,43,-10385330,5616730,7,4,NULL
MP2018702436        ,9/26/18,3,60,-10379428,5615765,7,4,NULL
MP2018702439        ,9/26/18,5,32,-10383461,5615803,7,4,NULL
MP2018354473        ,10/22/18,3,78,-10382695,5607648,7,4,NULL
MP2018703083        ,10/24/18,1,87,-10383291,5617426,7,4,NULL
MP2018702394        ,9/25/18,1,87,-10382926,5618037,7,4,NULL
MP2018702385        ,9/24/18,2,40,-10378553,5618081,7,4,NULL
MP2018323903        ,9/24/18,1,87,-10382793,5618016,7,4,NULL
MP2018702415        ,9/25/18,2,39,-10377829,5616724,7,4,NULL
MP2018353107        ,10/21/18,5,66,-10386606,5606203,7,4,NULL
MP2018703059        ,10/24/18,2,37,-10376658,5619947,7,4,NULL
MP2018703112        ,10/26/18,2,40,-10378421,5617208,7,4,NULL
MP2018703112        ,10/26/18,2,40,-10378421,5617208,7,4,NULL
MP2018703100        ,10/25/18,1,31,-10384027,5617444,7,4,NULL
MP2018703100        ,10/25/18,1,31,-10384027,5617444,7,4,NULL
MP2018358648        ,10/26/18,5,71,-10384559,5609466,7,4,NULL
MP2018359709        ,10/27/18,3,59,-10378322,5611173,7,4,10/27/18
MP2018358815        ,10/26/18,4,5,-10388117,5624000,7,4,NULL
MP2018358815        ,10/26/18,4,5,-10388117,5624000,7,4,NULL
MP2018198872        ,6/16/18,5,32,-10383544,5615781,7,4,NULL
MP2018203425        ,6/20/18,3,56,-10380011,5612873,7,4,NULL
MP2018701203        ,7/28/18,2,37,-10377376,5619615,7,4,NULL
MP2018701221        ,7/25/18,5,51,-10383400,5614935,7,4,NULL
MP2018259567        ,8/3/18,5,45,-10384829,5613788,7,4,NULL
MP2018259567        ,8/3/18,5,45,-10384829,5613788,7,4,NULL
MP2018259567        ,8/3/18,5,45,-10384829,5613788,7,4,NULL
MP2018292699        ,8/30/18,2,37,-10378159,5619731,7,4,NULL
MP2018701870        ,8/29/18,2,15,-10380306,5623655,7,4,NULL
MP2018344771        ,10/13/18,3,64,-10376385,5608266,7,4,NULL
MP2018344771        ,10/13/18,3,64,-10376385,5608266,7,4,NULL
MP2018702827        ,10/13/18,1,40,-10380082,5617331,7,4,NULL
MP2018391770        ,11/27/18,3,60,-10379831,5615820,7,4,NULL
MP2018188462        ,6/8/18,2,19,-10378644,5622926,7,4,NULL
MP2018188462        ,6/8/18,2,19,-10378644,5622926,7,4,NULL
MP2018188906        ,6/8/18,4,3,-10387101,5627070,7,4,NULL
MP2018188976        ,6/8/18,1,86,-10383165,5619783,7,4,NULL
MP2018700055        ,6/8/18,5,53,-10384321,5612924,7,4,NULL
MP2018700940        ,7/16/18,1,31,-10384144,5617512,7,4,NULL
MP2018240571        ,7/19/18,4,28,-10386593,5618537,7,4,NULL
MP2018240571        ,7/19/18,4,28,-10386593,5618537,7,4,NULL
MP2018243527        ,7/21/18,5,72,-10388446,5606692,7,4,NULL
MP2018243527        ,7/21/18,5,72,-10388446,5606692,7,4,NULL
MP2018314493        ,9/17/18,3,54,-10382555,5612363,7,4,NULL
MP2018702233        ,9/17/18,2,20,-10379787,5622043,7,4,NULL
MP2018702233        ,9/17/18,2,20,-10379787,5622043,7,4,NULL
MP2018702231        ,9/17/18,1,31,-10384216,5617379,7,4,NULL
MP2018702246        ,9/18/18,5,45,-10385493,5613850,7,4,NULL
MP2018316426        ,9/18/18,5,51,-10384394,5614519,7,4,9/18/18
MP2018317474        ,9/19/18,2,39,-10377922,5617311,7,4,NULL
MP2018702305        ,9/20/18,5,45,-10385199,5615088,7,4,NULL
MP2018320084        ,9/21/18,3,55,-10381313,5612117,7,4,NULL
MP2018702334        ,9/22/18,5,45,-10384824,5614453,7,4,NULL
MP2018322243        ,9/23/18,2,20,-10379216,5622262,7,4,NULL
MP2018322243        ,9/23/18,2,20,-10379216,5622262,7,4,NULL
MP2018352089        ,10/20/18,5,51,-10383624,5614246,7,4,NULL
MP2018702981        ,10/20/18,5,32,-10384636,5615689,7,4,NULL
MP2018703855        ,12/2/18,2,37,-10377780,5619270,7,4,NULL
MP2018222536        ,7/5/18,2,16,-10380245,5623594,7,4,NULL
MP2018700708        ,7/5/18,3,91,-10381868,5615021,7,4,NULL
MP2018700711        ,7/5/18,5,44,-10385994,5614526,7,4,NULL
MP2018222903        ,7/5/18,3,60,-10379299,5615336,7,4,NULL
MP2018700753        ,7/7/18,5,45,-10385342,5613846,7,4,NULL
MP2018227319        ,7/9/18,3,61,-10378539,5613871,7,4,NULL
MP2018227319        ,7/9/18,3,61,-10378539,5613871,7,4,NULL
MP2018227855        ,7/9/18,2,15,-10381116,5624017,7,4,NULL
MP2018307677        ,9/11/18,3,89,-10380665,5615372,7,4,NULL
MP2018307677        ,9/11/18,3,89,-10380665,5615372,7,4,NULL
MP2018702089        ,9/11/18,5,32,-10384563,5615734,7,4,NULL
MP2018702090        ,9/11/18,1,86,-10383566,5619600,7,4,NULL
MP2018308761        ,9/12/18,1,87,-10383325,5617551,7,4,NULL
MP2018702177        ,9/14/18,3,54,-10382280,5613087,7,4,NULL
MP2018313565        ,9/16/18,5,73,-10386973,5607393,7,4,NULL
MP2018313565        ,9/16/18,5,73,-10386973,5607393,7,4,NULL
MP2018313565        ,9/16/18,5,73,-10386973,5607393,7,4,NULL
MP2018313565        ,9/16/18,5,73,-10386973,5607393,7,4,NULL
MP2018700208        ,6/13/18,5,51,-10384079,5614740,7,4,NULL
MP2018198134        ,6/15/18,5,32,-10383116,5616071,7,4,NULL
MP2018247089        ,7/24/18,5,51,-10383633,5613542,7,4,7/24/18
MP2018248243        ,7/25/18,3,61,-10379013,5613549,7,4,NULL
MP2018701138        ,7/25/18,3,89,-10380971,5615610,7,4,NULL
MP2018701145        ,7/25/18,3,55,-10381761,5612250,7,4,NULL
MP2018280267        ,8/20/18,1,87,-10383036,5618478,7,4,8/20/18
MP2018280453        ,8/20/18,2,35,-10380349,5619593,7,4,NULL
MP2018700930        ,7/15/18,5,45,-10384885,5613584,7,4,NULL
MP2018281753        ,8/21/18,5,45,-10385194,5615218,7,4,NULL
MP2018282268        ,8/21/18,1,87,-10382231,5617927,7,4,NULL
MP2018282519        ,8/21/18,4,27,-10385403,5621016,7,4,NULL
MP2018282519        ,8/21/18,4,27,-10385403,5621016,7,4,NULL
MP2018700980        ,7/18/18,2,40,-10378523,5617374,7,4,NULL
MP2018327699        ,9/28/18,3,64,-10376151,5608767,7,4,NULL
MP2018327699        ,9/28/18,3,64,-10376151,5608767,7,4,NULL
MP2018374790        ,11/9/18,3,89,-10381191,5615920,7,4,NULL
MP2018376789        ,11/12/18,3,56,-10379441,5612431,7,4,NULL
MP2018703471        ,11/12/18,5,51,-10384207,5615368,7,4,NULL
MP2018704171        ,12/17/18,2,39,-10377943,5617420,7,4,NULL
MP2018700356        ,6/22/18,4,50,-10386564,5617219,7,4,NULL
MP2018210292        ,6/25/18,4,25,-10384601,5622734,7,4,NULL
MP2018700483        ,6/26/18,5,45,-10385492,5613394,7,4,NULL
MP2018700493        ,6/26/18,1,87,-10382714,5617703,7,4,NULL
MP2018213033        ,6/27/18,1,31,-10384633,5617429,7,4,NULL
MP2018213033        ,6/27/18,1,31,-10384633,5617429,7,4,NULL
MP2018700531        ,6/28/18,1,38,-10379624,5616109,7,4,NULL
MP2018700531        ,6/28/18,1,38,-10379624,5616109,7,4,NULL
MP2018700531        ,6/28/18,1,38,-10379624,5616109,7,4,NULL
MP2018259927        ,8/3/18,3,89,-10381329,5615161,7,4,NULL
MP2018701355        ,8/4/18,5,53,-10383405,5612222,7,4,NULL
MP2018701445        ,8/8/18,2,35,-10380150,5618964,7,4,NULL
MP2018701445        ,8/8/18,2,35,-10380150,5618964,7,4,NULL
MP2018701425        ,8/7/18,5,44,-10386069,5614235,7,4,NULL
MP2018701664        ,8/17/18,5,45,-10385796,5614386,7,4,NULL
MP2018701796        ,8/23/18,2,34,-10381746,5619312,7,4,NULL
MP2018290210        ,8/28/18,1,33,-10382135,5616851,7,4,NULL
MP2018702594        ,10/3/18,5,45,-10385593,5614694,7,4,NULL
MP2018702625        ,10/4/18,3,91,-10381568,5613645,7,4,NULL
MP2018702655        ,10/5/18,2,37,-10378708,5619565,7,4,NULL
MP2018702668        ,10/6/18,5,32,-10383690,5616022,7,4,NULL
MP2018340150        ,10/9/18,5,47,-10385394,5612951,7,4,NULL
MP2018384418        ,11/19/18,3,60,-10378356,5614701,7,4,NULL
MP2018384623        ,11/19/18,1,86,-10383510,5619631,7,4,NULL
MP2018384712        ,11/20/18,5,44,-10386445,5613610,7,4,NULL
MP2018385366        ,11/20/18,3,74,-10382898,5608996,7,4,NULL
MP2018230333        ,7/11/18,2,39,-10376966,5617385,7,4,NULL
MP2018236595        ,7/16/18,3,81,-10377198,5606709,7,4,NULL
MP2018269635        ,8/11/18,3,91,-10381002,5613639,7,4,NULL
MP2018701581        ,8/14/18,1,38,-10379559,5616483,7,4,NULL
MP2018702375        ,9/24/18,2,39,-10377403,5616666,7,4,NULL
MP2018702431        ,9/26/18,1,88,-10380969,5617782,7,4,NULL
MP2018356692        ,10/24/18,3,60,-10379915,5615638,7,4,NULL
MP2018703070        ,10/24/18,4,25,-10384601,5622734,7,4,NULL
MP2018403409        ,12/9/18,5,69,-10389301,5610794,7,4,NULL
MP2018403409        ,12/9/18,5,69,-10389301,5610794,7,4,NULL
MP2018201382        ,6/18/18,4,26,-10386188,5620960,7,4,NULL
MP2018204780        ,6/21/18,3,NULL,NULL,NULL,7,4,6/21/18
MP2018701224        ,7/29/18,5,70,-10384902,5610975,7,4,NULL
MP2018701224        ,7/29/18,5,70,-10384902,5610975,7,4,NULL
MP2018701252        ,7/30/18,1,87,-10382776,5617946,7,4,NULL
MP2018259903        ,8/3/18,3,89,-10381192,5615695,7,4,NULL
MP2018291889        ,8/29/18,5,47,-10385094,5613358,7,4,NULL
MP2018701858        ,8/28/18,5,45,-10385917,5613395,7,4,NULL
MP2018701893        ,8/28/18,2,39,-10377789,5617122,7,4,NULL
MP2018701911        ,7/2/18,2,21,-10382126,5621139,7,4,NULL
MP2018298434        ,9/4/18,3,57,-10382132,5610599,7,4,NULL
MP2018340404        ,10/9/18,3,63,-10376907,5610858,7,4,NULL
MP2018387422        ,11/22/18,3,90,-10382802,5613394,7,4,NULL
MP2018387914        ,11/23/18,3,60,-10379611,5615340,7,4,NULL
MP2018256281        ,7/31/18,3,79,-10381563,5606967,7,4,NULL
MP2018701826        ,8/24/18,5,47,-10384836,5612725,7,4,NULL
MP2018701897        ,8/29/18,1,33,-10381332,5616401,7,4,NULL
MP2018293578        ,8/31/18,3,82,-10381740,5604640,7,4,NULL
MP2018294150        ,8/31/18,1,86,-10383720,5618584,7,4,NULL
MP2018295483        ,9/1/18,3,61,-10377915,5613353,7,4,9/11/18
MP2018298206        ,9/3/18,1,87,-10383308,5618182,7,4,NULL
MP2018340833        ,10/10/18,2,39,-10377638,5616554,7,4,NULL
MP2018342502        ,10/11/18,2,35,-10381129,5619203,7,4,NULL
MP2018702814        ,10/12/18,2,35,-10378921,5619242,7,4,NULL
MP2018344835        ,10/13/18,3,55,-10380254,5612081,7,4,NULL
MP2018703711        ,11/25/18,5,44,-10386069,5614235,7,4,NULL
MP2018390835        ,11/27/18,3,54,-10383177,5611465,7,4,NULL
MP2018186249        ,6/6/18,5,51,-10383633,5613542,7,4,NULL
MP2018187616        ,6/7/18,4,27,-10386645,5619962,7,4,NULL
MP2018187616        ,6/7/18,4,27,-10386645,5619962,7,4,NULL
MP2018189817        ,6/9/18,3,62,-10376638,5612615,7,4,NULL
MP2018700048        ,6/6/18,2,15,-10380305,5623636,7,4,NULL
MP2018239353        ,7/18/18,5,71,-10383464,5610699,7,4,NULL
MP2018239353        ,7/18/18,5,71,-10383464,5610699,7,4,NULL
MP2018700987        ,7/18/18,3,60,-10379659,5615513,7,4,NULL
MP2018241058        ,7/19/18,5,51,-10383633,5613542,7,4,NULL
MP2018241521        ,7/20/18,3,91,-10381133,5614551,7,4,NULL
MP2018241521        ,7/20/18,3,91,-10381133,5614551,7,4,NULL
MP2018701020        ,7/19/18,1,33,-10381897,5617521,7,4,NULL
MP2018242167        ,7/20/18,5,46,-10386338,5613308,7,4,NULL
MP2018242186        ,7/20/18,2,85,-10377976,5621138,7,4,NULL
MP2018242186        ,7/20/18,2,85,-10377976,5621138,7,4,NULL
MP2018701036        ,7/21/18,1,87,-10383242,5617043,7,4,NULL
MP2018701039        ,7/21/18,3,63,-10377860,5611314,7,4,NULL
MP2018701048        ,7/21/18,1,33,-10382161,5616751,7,4,NULL
MP2018701065        ,7/22/18,3,60,-10379584,5615485,7,4,NULL
MP2018314569        ,9/17/18,5,51,-10382889,5614682,7,4,NULL
MP2018310834        ,9/14/18,3,82,-10381785,5605513,7,4,NULL
MP2018315119        ,9/17/18,1,31,-10383491,5616487,7,4,NULL
MP2018315014        ,9/17/18,2,12,-10380203,5626310,7,4,NULL
MP2018702248        ,9/18/18,2,35,-10380305,5619879,7,4,NULL
MP2018702299        ,9/20/18,2,35,-10379968,5618957,7,4,NULL
MP2018319576        ,9/21/18,1,87,-10381918,5618530,7,4,NULL
MP2018347247        ,10/16/18,4,5,-10387550,5623697,7,4,NULL
MP2018348023        ,10/16/18,3,60,-10379478,5615696,7,4,NULL
MP2018702905        ,10/17/18,2,37,-10378161,5620140,7,4,NULL
MP2018702908        ,10/17/18,1,87,-10382167,5618623,7,4,NULL
MP2018702922        ,10/18/18,2,17,-10382770,5621535,7,4,NULL
MP2018702978        ,10/20/18,1,87,-10382504,5617884,7,4,NULL
MP2018353166        ,10/21/18,5,51,-10383974,5614487,7,4,NULL
MP2018703809        ,11/29/18,5,51,-10384594,5614841,7,4,NULL
MP2018703809        ,11/29/18,5,51,-10384594,5614841,7,4,NULL
MP2018221374        ,7/4/18,5,45,-10385731,5613473,7,4,NULL
MP2018222546        ,7/5/18,3,81,-10376755,5608342,7,4,NULL
MP2018700724        ,7/6/18,1,87,-10383017,5617884,7,4,NULL
MP2018224434        ,7/6/18,4,24,-10385796,5623353,7,4,NULL
MP2018226739        ,7/8/18,5,51,-10384025,5613683,7,4,NULL
MP2018228144        ,7/9/18,2,19,-10380150,5622533,7,4,NULL
MP2018308795        ,9/12/18,2,17,-10381425,5622130,7,4,NULL
MP2018308795        ,9/12/18,2,17,-10381425,5622130,7,4,NULL
MP2018702130        ,9/13/18,5,44,-10386343,5613396,7,4,NULL
MP2018702133        ,9/13/18,1,38,-10379529,5616617,7,4,NULL
MP2018702140        ,9/13/18,5,NULL,NULL,NULL,7,4,NULL
MP2018702140        ,9/13/18,5,NULL,NULL,NULL,7,4,NULL
MP2018702153        ,9/14/18,5,51,-10383354,5614776,7,4,NULL
MP2018311373        ,9/14/18,3,84,-10376868,5606538,7,4,9/14/18
MP2018313939        ,9/16/18,3,81,-10376145,5606692,7,4,NULL
MP2018368400        ,11/3/18,1,88,-10380444,5617842,7,4,NULL
MP2018215690        ,6/30/18,3,61,-10378596,5613933,7,4,NULL
MP2018700573        ,6/30/18,2,35,-10378976,5618608,7,4,NULL
MP2018700576        ,6/30/18,2,40,-10378571,5617625,7,4,NULL
MP2018700612        ,7/2/18,5,45,-10385306,5614367,7,4,NULL
MP2018700643        ,7/3/18,5,45,-10385731,5613473,7,4,NULL
MP2018700667        ,7/3/18,1,31,-10384103,5617587,7,4,NULL
MP2018196835        ,6/14/18,5,51,-10384460,5613495,7,4,NULL
MP2018700225        ,6/14/18,2,35,-10380220,5618600,7,4,NULL
MP2018700246        ,6/15/18,2,40,-10378828,5617256,7,4,NULL
MP2018701084        ,7/23/18,3,91,-10381739,5613544,7,4,NULL
MP2018701115        ,7/24/18,3,64,-10376402,5610289,7,4,NULL
MP2018701129        ,7/25/18,1,87,-10383285,5617269,7,4,NULL
MP2018275846        ,8/16/18,3,61,-10377758,5614065,7,4,NULL
MP2018278347        ,8/18/18,4,29,-10385409,5619686,7,4,NULL
MP2018278347        ,8/18/18,4,29,-10385409,5619686,7,4,NULL
MP2018278402        ,8/18/18,3,55,-10380350,5611807,7,4,NULL
MP2018701696        ,8/19/18,5,46,-10386243,5613030,7,4,NULL
MP2018702483        ,9/28/18,1,31,-10383531,5616541,7,4,NULL
MP2018328170        ,9/28/18,5,71,-10384329,5610723,7,4,NULL
MP2018702537        ,10/1/18,5,45,-10385668,5614422,7,4,NULL
MP2018702571        ,10/2/18,2,35,-10380270,5618924,7,4,NULL
MP2018703467        ,11/11/18,2,40,-10378272,5617285,7,4,NULL
MP2018380245        ,11/15/18,5,73,-10385836,5606969,7,4,NULL
MP2018704101        ,12/14/18,2,35,-10379642,5619505,7,4,NULL
MP2018704101        ,12/14/18,2,35,-10379642,5619505,7,4,NULL
MP2018409568        ,12/15/18,5,70,-10385829,5610230,7,4,12/15/18
MP2018410363        ,12/16/18,1,31,-10383772,5616581,7,4,NULL
MP2018411232        ,12/17/18,3,62,-10376575,5613540,7,4,NULL
MP2018411232        ,12/17/18,3,62,-10376575,5613540,7,4,NULL
MP2018700383        ,6/22/18,2,35,-10378939,5618738,7,4,NULL
MP2018207994        ,6/23/18,5,45,-10384885,5613584,7,4,NULL
MP2018210387        ,6/25/18,5,44,-10385868,5615004,7,4,NULL
MP2018700509        ,6/27/18,3,60,-10378930,5615137,7,4,NULL
MP2018213425        ,6/28/18,1,33,-10382353,5616797,7,4,NULL
MP2018203930        ,6/20/18,5,41,-10388427,5613515,7,4,NULL
MP2018701358        ,8/5/18,1,38,-10380089,5616580,7,4,NULL
MP2018701364        ,8/5/18,2,22,-10381137,5620777,7,4,NULL
MP2018263622        ,8/6/18,3,92,-10380349,5614604,7,4,NULL
MP2018701407        ,8/6/18,1,88,-10380898,5617640,7,4,NULL
MP2018701432        ,8/7/18,1,33,-10381332,5616401,7,4,NULL
MP2018701414        ,8/7/18,2,39,-10376845,5616965,7,4,NULL
MP2018266588        ,8/9/18,4,26,-10387981,5619697,7,4,NULL
MP2018701164        ,7/26/18,2,17,-10381532,5622004,7,4,NULL
MP2018701665        ,8/17/18,3,59,-10379157,5611415,7,4,NULL
MP2018283616        ,8/22/18,5,45,-10385812,5613894,7,4,NULL
MP2018286822        ,8/25/18,5,45,-10385674,5613443,7,4,NULL
MP2018289882        ,8/28/18,4,27,-10384911,5620911,7,4,8/28/18
MP2018289872        ,8/28/18,5,71,-10384273,5609626,7,4,NULL
MP2018701814        ,8/27/18,1,87,-10382926,5618037,7,4,NULL
MP2018702583        ,10/3/18,2,39,-10376935,5617367,7,4,NULL
MP2018702656        ,10/5/18,5,46,-10386242,5613230,7,4,NULL
MP2018702662        ,10/6/18,2,35,-10379513,5618560,7,4,NULL
MP2018703549        ,11/16/18,1,87,-10381620,5618449,7,4,NULL
MP2018378307        ,11/13/18,5,70,-10385006,5611263,7,4,NULL
MP2018387103        ,11/22/18,4,24,-10387266,5622791,7,4,NULL
MP2018704256        ,12/21/18,5,53,-10384684,5612743,7,4,NULL
MP2018416707        ,12/22/18,1,88,-10380661,5617441,7,4,NULL
MP2018403665        ,12/9/18,5,51,-10384158,5614858,7,4,NULL
MP2018417442        ,12/23/18,5,46,-10386108,5612168,7,4,NULL
MP2018704331        ,12/26/18,2,35,-10380373,5618982,7,4,NULL
MP2018700816        ,7/10/18,3,59,-10378592,5611108,7,4,NULL
MP2018229127        ,7/10/18,2,35,-10380712,5618984,7,4,NULL
MP2018700835        ,7/12/18,5,45,-10385635,5613396,7,4,NULL
MP2018232771        ,7/13/18,5,45,-10385104,5614019,7,4,NULL
MP2018232771        ,7/13/18,5,45,-10385104,5614019,7,4,NULL
MP2018233589        ,7/13/18,3,NULL,NULL,NULL,7,4,NULL
MP2018236845        ,7/16/18,3,54,-10381995,5613293,7,4,NULL
MP2018701484        ,8/9/18,5,46,-10386349,5612290,7,4,NULL
MP2018268429        ,8/10/18,1,87,-10382231,5617927,7,4,NULL
MP2018272696        ,8/13/18,5,70,-10385829,5610230,7,4,8/13/18
MP2018358654        ,10/26/18,1,33,-10381572,5616407,7,4,NULL
MP2018202469        ,6/19/18,5,71,-10383646,5610262,7,4,NULL
MP2018202635        ,6/19/18,5,45,-10385306,5614264,7,4,NULL
MP2018202635        ,6/19/18,5,45,-10385306,5614264,7,4,NULL
MP2018701278        ,7/31/18,1,31,-10384216,5617379,7,4,NULL
MP2018701840        ,8/26/18,2,40,-10378738,5618123,7,4,NULL
MP2018702818        ,10/12/18,1,33,-10381332,5616401,7,4,NULL
MP2018700023        ,6/5/18,4,24,-10386135,5622613,7,4,NULL
MP2018700043        ,6/8/18,3,60,-10379974,5615375,7,4,NULL
MP2018700080        ,6/6/18,3,92,-10380292,5614277,7,4,NULL
MP2018700071        ,6/6/18,3,62,-10375664,5613389,7,4,NULL
MP2018237037        ,7/16/18,3,92,-10380627,5614853,7,4,NULL
MP2018700992        ,7/18/18,5,45,-10385390,5613914,7,4,NULL
MP2018242750        ,7/21/18,1,87,-10383480,5617122,7,4,NULL
MP2018243327        ,7/21/18,5,69,-10389166,5609048,7,4,NULL
MP2018701067        ,7/22/18,1,87,-10383450,5618296,7,4,NULL
MP2018702204        ,9/16/18,1,88,-10381661,5617601,7,4,NULL
MP2018315885        ,9/18/18,5,44,-10385919,5613883,7,4,NULL
MP2018316234        ,9/18/18,4,4,-10384824,5626293,7,4,NULL
MP2018317169        ,9/19/18,3,78,-10382413,5607284,7,4,NULL
MP2018317169        ,9/19/18,3,78,-10382413,5607284,7,4,NULL
MP2018318759        ,9/20/18,2,35,-10379027,5618692,7,4,NULL
MP2018348476        ,10/17/18,2,35,-10379971,5618817,7,4,10/17/18
MP2018352009        ,10/20/18,2,15,-10381627,5623776,7,4,NULL
MP2018400186        ,12/6/18,3,91,-10380914,5614478,7,4,NULL
MP2018400186        ,12/6/18,3,91,-10380914,5614478,7,4,NULL
MP2018222527        ,7/5/18,3,62,-10376719,5614041,7,4,NULL
MP2018222527        ,7/5/18,3,62,-10376719,5614041,7,4,NULL
MP2018700699        ,7/5/18,3,59,-10378793,5611276,7,4,NULL
MP2018700733        ,7/6/18,3,60,-10378349,5615603,7,4,NULL
MP2018700774        ,7/9/18,2,35,-10378631,5618672,7,4,NULL
MP2018700771        ,7/9/18,3,56,-10379944,5612800,7,4,NULL
MP2018702079        ,9/11/18,5,69,-10388667,5608614,7,4,NULL
MP2018308255        ,9/12/18,2,35,-10380222,5619222,7,4,NULL
MP2018702107        ,9/12/18,2,39,-10377713,5616392,7,4,NULL
MP2018702120        ,9/13/18,2,39,-10377529,5616805,7,4,NULL
MP2018312410        ,9/15/18,5,65,-10384700,5608521,7,4,NULL
MP2018313507        ,9/16/18,5,73,-10386610,5607806,7,4,NULL
MP2018313507        ,9/16/18,5,73,-10386610,5607806,7,4,NULL
MP2018700574        ,6/30/18,5,32,-10383116,5615793,7,4,NULL
MP2018700575        ,6/30/18,5,45,-10385700,5613773,7,4,NULL
MP2018700592        ,7/1/18,2,40,-10378659,5618138,7,4,NULL
MP2018218594        ,7/2/18,4,2,-10385906,5628531,7,4,NULL
MP2018219022        ,7/2/18,5,53,-10383708,5611910,7,4,NULL
MP2018220347        ,7/3/18,5,51,-10383728,5615321,7,4,NULL
MP2018701957        ,9/4/18,5,53,-10383649,5612008,7,4,NULL
MP2018301360        ,9/6/18,5,73,-10385839,5608417,7,4,NULL
MP2018702020        ,9/7/18,3,89,-10382583,5615716,7,4,NULL
MP2018306417        ,9/10/18,3,78,-10382610,5606822,7,4,NULL
MP2018703214        ,10/30/18,5,49,-10389279,5613244,7,4,NULL
MP2018387759        ,11/23/18,4,6,-10386703,5623767,7,4,NULL
MP2018387759        ,11/23/18,4,6,-10386703,5623767,7,4,NULL
MP2018703703        ,11/25/18,5,32,-10383035,5615673,7,4,NULL
MP2018423796        ,12/30/18,4,25,-10385295,5623046,7,4,NULL
MP2018424470        ,12/31/18,4,50,-10387219,5617483,7,4,NULL
MP2018424470        ,12/31/18,4,50,-10387219,5617483,7,4,NULL
MP2018424470        ,12/31/18,4,50,-10387219,5617483,7,4,NULL
MP2018424470        ,12/31/18,4,50,-10387219,5617483,7,4,NULL
MP2018424470        ,12/31/18,4,50,-10387219,5617483,7,4,NULL
MP2018700026        ,6/5/18,5,45,-10385674,5613443,7,4,NULL
MP2018237411        ,7/16/18,2,34,-10380870,5619936,7,4,NULL
MP2018243300        ,7/21/18,3,89,-10381344,5615982,7,4,NULL
MP2018243362        ,7/21/18,5,69,-10388536,5610127,7,4,NULL
MP2018243362        ,7/21/18,5,69,-10388536,5610127,7,4,NULL
MP2018244700        ,7/22/18,3,60,-10377692,5614706,7,4,NULL
MP2018701054        ,7/22/18,4,28,-10386430,5618743,7,4,NULL
MP2018314776        ,9/17/18,5,51,-10384087,5613460,7,4,NULL
MP2018702234        ,9/17/18,2,35,-10379027,5618692,7,4,NULL
MP2018702236        ,9/17/18,1,87,-10382576,5617743,7,4,NULL
MP2018702247        ,9/18/18,1,87,-10381999,5617788,7,4,NULL
MP2018315756        ,9/21/18,5,53,-10384212,5612359,7,4,NULL
MP2018315756        ,9/21/18,5,53,-10384212,5612359,7,4,NULL
MP2018702304        ,9/20/18,2,35,-10379398,5618820,7,4,NULL
MP2018702327        ,9/22/18,1,88,-10381448,5617876,7,4,NULL
MP2018320989        ,9/22/18,3,89,-10381453,5615653,7,4,NULL
MP2018702867        ,10/15/18,1,87,-10382070,5618667,7,4,NULL
MP2018349166        ,10/17/18,5,47,-10384973,5612450,7,4,NULL
MP2018349166        ,10/17/18,5,47,-10384973,5612450,7,4,NULL
MP2018349166        ,10/17/18,5,47,-10384973,5612450,7,4,NULL
MP2018702929        ,10/18/18,2,40,-10378348,5617375,7,4,NULL
MP2018702969        ,10/19/18,2,37,-10376388,5619835,7,4,NULL
MP2018703811        ,11/29/18,3,90,-10382519,5613394,7,4,NULL
MP2018398393        ,12/4/18,3,89,-10380886,5615329,7,4,NULL
MP2018399804        ,12/5/18,3,89,-10381233,5615553,7,4,NULL
MP2018223014        ,7/5/18,3,54,-10382848,5611202,7,4,NULL
MP2018226816        ,7/9/18,5,32,-10384113,5615786,7,4,NULL
MP2018227835        ,7/9/18,2,35,-10378792,5619298,7,4,NULL
MP2018228759        ,7/10/18,3,60,-10379106,5615147,7,4,NULL
MP2018309803        ,9/13/18,1,33,-10382014,5616247,7,4,NULL
MP2018309918        ,9/13/18,2,40,-10378246,5617333,7,4,NULL
MP2018310851        ,9/14/18,1,33,-10381927,5617126,7,4,NULL
MP2018311616        ,9/14/18,3,84,-10376978,5606455,7,4,NULL
MP2018703297        ,11/2/18,1,88,-10381747,5617946,7,4,NULL
MP2018703292        ,11/2/18,2,35,-10378872,5618605,7,4,NULL
MP2018368788        ,11/4/18,1,88,-10380897,5617583,7,4,11/3/18
MP2018369228        ,11/4/18,3,61,-10377790,5613936,7,4,NULL
MP2018275745        ,8/16/18,4,29,-10385407,5619623,7,4,NULL
MP2018214563        ,6/29/18,3,57,-10383115,5610219,7,4,NULL
MP2018216438        ,6/30/18,3,89,-10381666,5615815,7,4,NULL
MP2018217661        ,7/1/18,5,43,-10385581,5615572,7,4,NULL
MP2018219253        ,7/2/18,3,60,-10380005,5615895,7,4,NULL
MP2018219253        ,7/2/18,3,60,-10380005,5615895,7,4,NULL
MP2018219190        ,7/2/18,3,83,-10377571,5606484,7,4,NULL
MP2018702008        ,9/7/18,5,32,-10383319,5615760,7,4,NULL
MP2018304658        ,9/9/18,3,84,-10376740,5606455,7,4,NULL
MP2018304697        ,9/9/18,3,84,-10376719,5606455,7,4,NULL
MP2018305915        ,9/10/18,5,44,-10386053,5614637,7,4,NULL
MP2018702073        ,9/10/18,3,89,-10381192,5615695,7,4,NULL
MP2018362243        ,10/29/18,3,77,-10382276,5608843,7,4,NULL
MP2018703193        ,10/29/18,5,70,-10385042,5610935,7,4,NULL
MP2018363052        ,10/30/18,3,74,-10382460,5609241,7,4,NULL
MP2018363052        ,10/30/18,3,74,-10382460,5609241,7,4,NULL
MP2018703232        ,10/30/18,1,86,-10383213,5619053,7,4,NULL
MP2018703241        ,10/31/18,1,87,-10381751,5618516,7,4,NULL
MP2018371307        ,11/6/18,3,58,-10380332,5610317,7,4,NULL
MP2018372074        ,11/7/18,4,7,-10384954,5623825,7,4,NULL
MP2018285616        ,8/24/18,5,71,-10384559,5609520,7,4,NULL
MP2018213775        ,6/28/18,5,51,-10384359,5614103,7,4,NULL
MP2018700623        ,7/2/18,1,33,-10382291,5617035,7,4,NULL
MP2018299922        ,9/5/18,5,45,-10385385,5614545,7,4,NULL
MP2018304747        ,9/9/18,5,32,-10383116,5615905,7,4,NULL
MP2018703220        ,10/30/18,5,51,-10383895,5614200,7,4,NULL
MP2018363415        ,10/30/18,5,32,-10383638,5616048,7,4,10/30/18
MP2018703237        ,10/30/18,2,35,-10380668,5620083,7,4,NULL
MP2018703237        ,10/30/18,2,35,-10380668,5620083,7,4,NULL
MP2018703285        ,11/1/18,2,40,-10378571,5617625,7,4,NULL
MP2018703277        ,11/1/18,2,39,-10377943,5617448,7,4,NULL
MP2018701960        ,9/4/18,2,39,-10377994,5617374,7,4,NULL
MP2018301088        ,9/6/18,3,79,-10380629,5607706,7,4,NULL
MP2018301088        ,9/6/18,3,79,-10380629,5607706,7,4,NULL
MP2018702002        ,9/6/18,3,81,-10377416,5607692,7,4,NULL
MP2018702002        ,9/6/18,3,81,-10377416,5607692,7,4,NULL
MP2018302424        ,9/7/18,5,32,-10383035,5615673,7,4,NULL
MP2018305808        ,9/10/18,5,44,-10386153,5614202,7,4,NULL
MP2018305808        ,9/10/18,5,44,-10386153,5614202,7,4,NULL
MP2018305808        ,9/10/18,5,44,-10386153,5614202,7,4,NULL
MP2018702053        ,9/10/18,1,87,-10382949,5618612,7,4,NULL
MP2018702070        ,9/10/18,5,51,-10384540,5613676,7,4,NULL
MP2018306268        ,9/10/18,4,3,-10387684,5627191,7,4,NULL
MP2018361451        ,10/28/18,4,28,-10386429,5618870,7,4,NULL
MP2018361807        ,10/29/18,1,88,-10381837,5617794,7,4,NULL
MP2018364141        ,10/31/18,3,58,-10381754,5610364,7,4,NULL
MP2018703265        ,10/31/18,3,60,-10379532,5615658,7,4,NULL
MP2018193294        ,6/12/18,2,35,-10379907,5619451,7,4,NULL
MP2018700243        ,6/15/18,2,17,-10382077,5621317,7,4,NULL
MP2018244804        ,7/22/18,5,51,-10384727,5615468,7,4,NULL
MP2018245440        ,7/23/18,5,72,-10387645,5607128,7,4,NULL
MP2018245440        ,7/23/18,5,72,-10387645,5607128,7,4,NULL
MP2018245440        ,7/23/18,5,72,-10387645,5607128,7,4,NULL
MP2018701087        ,7/23/18,3,81,-10377416,5607692,7,4,NULL
MP2018247529        ,7/24/18,1,87,-10382813,5618598,7,4,NULL
MP2018701126        ,7/25/18,5,45,-10385700,5613773,7,4,NULL
MP2018701153        ,7/26/18,3,89,-10382018,5615846,7,4,NULL
MP2018701178        ,7/27/18,1,88,-10381643,5618030,7,4,NULL
MP2018251455        ,7/27/18,NULL,NULL,NULL,NULL,7,4,NULL
MP2018701194        ,7/27/18,2,19,-10379682,5622615,7,4,NULL
MP2018701697        ,8/19/18,1,38,-10380176,5617557,7,4,NULL
MP2018702484        ,9/28/18,5,45,-10385342,5613846,7,4,NULL
MP2018702476        ,9/28/18,1,87,-10382352,5617793,7,4,NULL
MP2018330653        ,10/1/18,3,55,-10381133,5611900,7,4,NULL
MP2018702523        ,9/30/18,1,87,-10382880,5617781,7,4,NULL
MP2018702572        ,10/3/18,2,40,-10378223,5617825,7,4,NULL
MP2018376367        ,11/11/18,5,66,-10387536,5606125,7,4,NULL
MP2018700390        ,6/21/18,2,40,-10378571,5617625,7,4,NULL
MP2018207650        ,6/23/18,3,75,-10381275,5608495,7,4,NULL
MP2018259621        ,8/3/18,4,25,-10383967,5622735,7,4,NULL
MP2018701343        ,8/3/18,3,62,-10376150,5613438,7,4,NULL
MP2018264298        ,8/7/18,4,4,-10385739,5627010,7,4,NULL
MP2018264298        ,8/7/18,4,4,-10385739,5627010,7,4,NULL
MP2018266347        ,8/8/18,1,87,-10382949,5618612,7,4,NULL
MP2018283642        ,8/22/18,5,51,-10384780,5613960,7,4,NULL
MP2018701784        ,8/22/18,5,51,-10384782,5613661,7,4,NULL
MP2018701815        ,8/22/18,2,35,-10379954,5619213,7,4,NULL
MP2018382844        ,11/17/18,4,26,-10387775,5622509,7,4,NULL
MP2018703572        ,11/17/18,1,87,-10382949,5618612,7,4,NULL
MP2018703572        ,11/17/18,1,87,-10382949,5618612,7,4,NULL
MP2018383487        ,11/18/18,1,87,-10383325,5617551,7,4,NULL
MP2018383487        ,11/18/18,1,87,-10383325,5617551,7,4,NULL
MP2018386345        ,11/21/18,2,12,-10380060,5626481,7,4,NULL
MP2018231915        ,7/12/18,3,81,-10375573,5606902,7,4,NULL
MP2018231915        ,7/12/18,3,81,-10375573,5606902,7,4,NULL
MP2018700836        ,7/12/18,5,45,-10385635,5613396,7,4,NULL
MP2018700842        ,7/11/18,3,63,-10377939,5611158,7,4,NULL
MP2018700888        ,7/13/18,5,51,-10383707,5614236,7,4,NULL
MP2018700898        ,7/13/18,1,87,-10382926,5618037,7,4,NULL
MP2018235785        ,7/15/18,2,21,-10381971,5621275,7,4,NULL
MP2018701500        ,8/10/18,2,35,-10379099,5618671,7,4,NULL
MP2018269978        ,8/11/18,2,19,-10380204,5623413,7,4,NULL
MP2018701541        ,8/12/18,5,51,-10384672,5614598,7,4,NULL
MP2018701571        ,8/14/18,5,43,-10385196,5616079,7,4,NULL
MP2018701583        ,8/15/18,3,64,-10377450,5610566,7,4,NULL
MP2018701583        ,8/15/18,3,64,-10377450,5610566,7,4,NULL
MP2018702421        ,9/25/18,5,42,-10386989,5615578,7,4,NULL
MP2018325332        ,9/26/18,5,46,-10386385,5612872,7,4,NULL
MP2018358569        ,10/26/18,5,71,-10384703,5609111,7,4,NULL
MP2018704057        ,12/12/18,5,45,-10384951,5615772,7,4,NULL
MP2018200395        ,6/17/18,5,32,-10382974,5615760,7,4,NULL
MP2018700293        ,6/18/18,2,37,-10378868,5619871,7,4,NULL
MP2018700345        ,6/20/18,3,55,-10380352,5612264,7,4,NULL
MP2018254371        ,7/30/18,1,87,-10383076,5618391,7,4,NULL
MP2018256935        ,8/1/18,2,16,-10380119,5623845,7,4,NULL
MP2018701312        ,8/1/18,1,31,-10384069,5617201,7,4,NULL
MP2018701305        ,8/2/18,3,62,-10376109,5613393,7,4,NULL
MP2018701862        ,8/28/18,3,61,-10378461,5612548,7,4,NULL
MP2018295441        ,9/1/18,1,33,-10381404,5616455,7,4,NULL
MP2018702767        ,10/10/18,1,87,-10382757,5618077,7,4,NULL
MP2018702784        ,10/11/18,2,35,-10378982,5619329,7,4,NULL
MP2018342570        ,10/11/18,3,61,-10378799,5613292,7,4,NULL
MP2018346188        ,10/15/18,2,39,-10377550,5617297,7,4,NULL
MP2018702839        ,10/14/18,1,40,-10379812,5616982,7,4,NULL
MP2018372364        ,11/7/18,3,91,-10380860,5613914,7,4,NULL
MP2018419929        ,12/26/18,3,59,-10380065,5611063,7,4,NULL
MP2018419929        ,12/26/18,3,59,-10380065,5611063,7,4,NULL
MP2018295056        ,9/1/18,4,5,-10388057,5623865,7,4,NULL
MP2018295006        ,9/1/18,2,15,-10381514,5622736,7,4,NULL
MP2018701947        ,9/1/18,3,60,-10378384,5615231,7,4,NULL
MP2018701925        ,8/31/18,1,87,-10383288,5617666,7,4,NULL
MP2018702746        ,10/9/18,5,47,-10385768,5612785,7,4,NULL
MP2018344982        ,10/13/18,5,51,-10384673,5614557,7,4,NULL
MP2018391193        ,11/27/18,5,73,-10385229,5606915,7,4,NULL
MP2018704347        ,12/27/18,3,60,-10379459,5615175,7,4,NULL
MP2018187208        ,6/7/18,1,31,-10383984,5616186,7,4,NULL
MP2018189862        ,6/9/18,5,47,-10384898,5613253,7,4,NULL
MP2018700096        ,6/8/18,5,69,-10387894,5610016,7,4,NULL
MP2018700943        ,7/16/18,5,NULL,NULL,NULL,7,4,NULL
MP2018700997        ,7/18/18,3,60,-10378648,5615661,7,4,NULL
MP2018237985        ,7/17/18,3,63,-10376009,5612011,7,4,NULL
MP2018243748        ,7/21/18,2,39,-10376020,5615598,7,4,10/29/18
MP2018244716        ,7/22/18,2,35,-10379348,5618730,7,4,NULL
MP2018316108        ,9/18/18,5,47,-10385563,5613361,7,4,9/18/18
MP2018318802        ,9/20/18,5,53,-10384168,5612429,7,4,NULL
MP2018702301        ,9/20/18,3,89,-10380549,5615468,7,4,NULL
MP2018702301        ,9/20/18,3,89,-10380549,5615468,7,4,NULL
MP2018702875        ,10/15/18,4,25,-10385453,5621388,7,4,NULL
MP2018351139        ,10/19/18,5,32,-10384113,5615786,7,4,NULL
MP2018703899        ,12/4/18,1,31,-10383849,5616301,7,4,NULL
MP2018399754        ,12/5/18,3,82,-10381784,5605534,7,4,NULL
MP2018399720        ,12/5/18,1,33,-10381402,5616703,7,4,NULL
MP2018700679        ,7/5/18,5,45,-10385342,5613846,7,4,NULL
MP2018700686        ,7/5/18,3,91,-10381744,5613727,7,4,NULL
MP2018700703        ,7/5/18,1,31,-10383927,5616736,7,4,NULL
MP2018700751        ,7/7/18,5,47,-10385078,5612002,7,4,NULL
MP2018227343        ,7/9/18,5,45,-10385162,5614597,7,4,NULL
MP2018700786        ,7/9/18,5,53,-10384644,5613119,7,4,NULL
MP2018309571        ,9/13/18,5,44,-10386111,5613837,7,4,NULL
MP2018702137        ,9/13/18,2,39,-10377311,5616848,7,4,NULL
MP2018702185        ,9/15/18,1,87,-10382070,5618667,7,4,NULL
MP2018703326        ,11/4/18,2,39,-10377550,5617297,7,4,NULL
MP2018703341        ,11/5/18,4,25,-10384936,5622007,7,4,NULL
MP2018372383        ,11/7/18,3,61,-10377575,5612731,7,4,NULL
MP2018703396        ,11/7/18,5,47,-10385543,5611885,7,4,NULL
MP2018700553        ,6/29/18,1,86,-10383971,5619158,7,4,NULL
MP2018217657        ,7/1/18,3,91,-10381128,5614835,7,4,NULL
MP2018218198        ,7/2/18,3,54,-10382553,5612126,7,4,NULL
MP2018700620        ,7/2/18,2,40,-10378553,5618081,7,4,NULL
MP2018219135        ,7/2/18,2,39,-10376437,5615780,7,4,NULL
MP2018219202        ,7/2/18,1,87,-10382778,5618458,7,4,NULL
MP2018701930        ,9/4/18,2,35,-10380181,5619077,7,4,NULL
MP2018701996        ,9/6/18,5,45,-10385378,5614814,7,4,NULL
MP2018303415        ,9/8/18,1,87,-10383103,5618056,7,4,NULL
MP2018702031        ,9/9/18,3,60,-10378384,5615231,7,4,NULL
MP2018702043        ,9/8/18,1,87,-10382279,5618159,7,4,NULL
MP2018702064        ,9/10/18,2,35,-10379979,5618871,7,4,NULL
MP2018361156        ,10/28/18,2,14,-10383016,5622574,7,4,NULL
MP2018703196        ,10/29/18,1,87,-10383103,5618056,7,4,NULL
MP2018703227        ,10/30/18,2,17,-10382631,5621518,7,4,NULL
MP2018200470        ,6/17/18,5,68,-10383484,5606218,7,4,NULL
MP2018700309        ,6/18/18,1,86,-10383923,5619900,7,4,NULL
MP2018700309        ,6/18/18,1,86,-10383923,5619900,7,4,NULL
MP2018201559        ,6/18/18,3,64,-10376349,5608217,7,4,NULL
MP2018200037        ,6/17/18,5,32,-10383544,5615781,7,4,NULL
MP2018700321        ,6/19/18,1,33,-10381752,5617429,7,4,NULL
MP2018253461        ,7/29/18,5,69,-10387592,5610698,7,4,NULL
MP2018253461        ,7/29/18,5,69,-10387592,5610698,7,4,NULL
MP2018253461        ,7/29/18,5,69,-10387592,5610698,7,4,NULL
MP2018253461        ,7/29/18,5,69,-10387592,5610698,7,4,NULL
MP2018253505        ,7/29/18,2,37,-10378727,5619839,7,4,NULL
MP2018701235        ,7/29/18,1,88,-10381538,5617615,7,4,NULL
MP2018292098        ,8/30/18,1,33,-10381404,5616429,7,4,NULL
MP2018292247        ,8/30/18,2,35,-10380373,5620061,7,4,NULL
MP2018288198        ,8/26/18,5,67,-10386120,5605421,7,4,8/26/18
MP2018701842        ,8/26/18,5,45,-10385775,5613396,7,4,NULL
MP2018701882        ,8/30/18,5,45,-10385442,5614950,7,4,NULL
MP2018701912        ,7/3/18,2,39,-10377403,5616666,7,4,NULL
MP2018294119        ,8/31/18,2,12,-10379998,5627022,7,4,NULL
MP2018296549        ,9/2/18,3,62,-10376719,5614006,7,4,NULL
MP2018296556        ,9/2/18,3,64,-10376394,5608261,7,4,NULL
MP2018702731        ,10/9/18,5,43,-10385051,5616232,7,4,NULL
MP2018702785        ,10/11/18,2,35,-10378872,5618605,7,4,NULL
MP2018344817        ,10/13/18,4,5,-10388057,5623789,7,4,NULL
MP2018702831        ,10/14/18,1,38,-10380191,5617193,7,4,NULL
MP2018702831        ,10/14/18,1,38,-10380191,5617193,7,4,NULL
MP2018703658        ,11/21/18,1,38,-10380151,5616499,7,4,NULL
MP2018388181        ,11/23/18,5,51,-10383633,5613542,7,4,NULL
MP2018704333        ,12/26/18,1,31,-10384483,5616374,7,4,NULL
MP2018700054        ,6/8/18,5,53,-10384331,5612516,7,4,NULL
MP2018240967        ,7/19/18,4,50,-10386697,5617697,7,4,NULL
MP2018240967        ,7/19/18,4,50,-10386697,5617697,7,4,NULL
MP2018242591        ,7/20/18,3,84,-10376298,5605236,7,4,NULL
MP2018242591        ,7/20/18,3,84,-10376298,5605236,7,4,NULL
MP2018242229        ,7/20/18,5,53,-10383605,5611776,7,4,NULL
MP2018243350        ,7/21/18,5,69,-10388817,5610144,7,4,NULL
MP2018243350        ,7/21/18,5,69,-10388817,5610144,7,4,NULL
MP2018243911        ,7/21/18,5,46,-10386020,5613079,7,4,NULL
MP2018701047        ,7/21/18,5,47,-10384897,5613280,7,4,NULL
MP2018702279        ,9/19/18,2,35,-10379027,5618692,7,4,NULL
MP2018702318        ,9/21/18,5,32,-10383319,5615803,7,4,NULL
MP2018350296        ,10/18/18,5,51,-10383891,5614428,7,4,NULL
MP2018352054        ,10/20/18,5,68,-10384701,5605533,7,4,NULL
MP2018399815        ,12/6/18,5,43,-10385579,5615680,7,4,NULL
MP2018700672        ,7/4/18,5,45,-10385201,5614805,7,4,NULL
MP2018700688        ,7/5/18,5,47,-10385679,5613339,7,4,NULL
MP2018700727        ,7/6/18,2,17,-10382316,5621317,7,4,NULL
MP2018700738        ,7/6/18,5,47,-10385919,5613116,7,4,NULL
MP2018226982        ,7/9/18,3,92,-10380390,5615025,7,4,NULL
MP2018700789        ,7/9/18,5,68,-10383923,5604426,7,4,NULL
MP2018300808        ,9/6/18,1,87,-10382538,5618000,7,4,NULL
MP2018307587        ,9/11/18,3,64,-10376640,5610060,7,4,NULL
MP2018307587        ,9/11/18,3,64,-10376640,5610060,7,4,NULL
MP2018307587        ,9/11/18,3,64,-10376640,5610060,7,4,NULL
MP2018702085        ,9/11/18,5,66,-10387739,5606063,7,4,NULL
MP2018702105        ,9/12/18,2,17,-10382953,5621385,7,4,NULL
MP2018702121        ,9/13/18,2,35,-10380029,5618788,7,4,NULL
MP2018702135        ,9/13/18,2,39,-10377617,5617368,7,4,NULL
MP2018313582        ,9/16/18,5,51,-10383841,5614523,7,4,NULL
MP2018371215        ,11/6/18,2,35,-10379382,5618545,7,4,NULL
MP2018703404        ,11/8/18,1,87,-10383222,5617419,7,4,NULL
MP2018212196        ,6/27/18,4,25,-10384724,5621800,7,4,NULL
MP2018700627        ,7/2/18,2,39,-10377203,5617254,7,4,NULL
MP2018219084        ,7/2/18,1,87,-10382778,5618458,7,4,NULL
MP2018298881        ,9/4/18,3,84,-10376072,5605624,7,4,NULL
MP2018298881        ,9/4/18,3,84,-10376072,5605624,7,4,NULL
MP2018299913        ,9/5/18,3,76,-10378170,5609378,7,4,NULL
MP2018300074        ,9/5/18,4,24,-10387490,5622644,7,4,NULL
MP2018300132        ,9/5/18,5,47,-10385809,5613248,7,4,NULL
MP2018301157        ,9/6/18,5,44,-10386088,5613441,7,4,NULL
MP2018702005        ,9/7/18,5,51,-10383542,5614626,7,4,NULL
MP2018702021        ,9/7/18,1,87,-10382689,5618091,7,4,NULL
MP2018303343        ,9/8/18,5,45,-10385108,5613519,7,4,NULL
MP2018303600        ,9/8/18,5,71,-10384094,5610679,7,4,NULL
MP2018303600        ,9/8/18,5,71,-10384094,5610679,7,4,NULL
MP2018303643        ,9/8/18,5,47,-10385596,5613030,7,4,NULL
MP2018702048        ,9/8/18,2,39,-10377403,5616666,7,4,NULL
MP2018305629        ,9/10/18,5,44,-10385917,5614403,7,4,NULL
MP2018361130        ,10/28/18,3,62,-10375647,5613238,7,4,NULL
MP2018364177        ,10/31/18,3,58,-10381891,5610398,7,4,NULL
MP2018703284        ,11/1/18,2,40,-10378176,5617010,7,4,NULL
MP2018419929        ,12/26/18,3,59,-10380065,5611063,7,4,NULL
MP2018419929        ,12/26/18,3,59,-10380065,5611063,7,4,NULL
MP2018188568        ,6/8/18,3,55,-10380773,5612465,7,4,NULL
MP2018188568        ,6/8/18,3,55,-10380773,5612465,7,4,NULL
MP2018188568        ,6/8/18,3,55,-10380773,5612465,7,4,NULL
MP2018700097        ,6/8/18,4,26,-10387068,5620375,7,4,NULL
MP2018237543        ,7/16/18,2,39,-10376018,5615808,7,4,NULL
MP2018700967        ,7/17/18,1,86,-10382730,5619209,7,4,NULL
MP2018701019        ,7/19/18,1,87,-10383513,5617203,7,4,NULL
MP2018243242        ,7/21/18,3,62,-10375726,5613220,7,4,NULL
MP2018702208        ,9/17/18,5,72,-10388731,5607281,7,4,NULL
MP2018702218        ,9/17/18,3,92,-10380481,5614960,7,4,NULL
MP2018316223        ,9/18/18,3,61,-10379013,5613549,7,4,NULL
MP2018702914        ,10/17/18,5,45,-10385442,5614950,7,4,NULL
MP2018703869        ,12/3/18,2,35,-10379629,5618567,7,4,NULL
MP2018703914        ,12/5/18,1,33,-10382437,5616320,7,4,NULL
MP2018700685        ,7/5/18,3,91,-10381668,5613666,7,4,NULL
MP2018700697        ,7/5/18,1,87,-10382235,5618815,7,4,NULL
MP2018700706        ,7/5/18,5,45,-10385731,5613473,7,4,NULL
MP2018700714        ,7/5/18,1,87,-10382231,5617927,7,4,NULL
MP2018700716        ,7/5/18,1,87,-10382563,5617612,7,4,NULL
MP2018227331        ,7/9/18,5,47,-10385822,5612451,7,4,NULL
MP2018227627        ,7/9/18,1,31,-10383531,5616541,7,4,NULL
MP2018308759        ,9/12/18,3,76,-10378311,5608754,7,4,NULL
MP2018312503        ,9/15/18,5,43,-10385378,5615600,7,4,NULL
MP2018703367        ,11/6/18,1,38,-10379565,5616735,7,4,NULL
MP2018275759        ,8/16/18,5,47,-10385254,5612761,7,4,NULL
MP2018700562        ,6/29/18,1,31,-10384483,5616374,7,4,NULL
MP2018700650        ,7/3/18,3,63,-10377346,5610595,7,4,NULL
MP2018701973        ,9/5/18,1,87,-10382576,5617743,7,4,NULL
MP2018701982        ,9/5/18,5,45,-10385668,5614422,7,4,NULL
MP2018702004        ,9/7/18,3,79,-10380918,5606879,7,4,NULL
MP2018302676        ,9/7/18,2,17,-10383004,5622259,7,4,NULL
MP2018302676        ,9/7/18,2,17,-10383004,5622259,7,4,NULL
MP2018303412        ,9/8/18,5,53,-10383709,5612462,7,4,NULL
MP2018702037        ,9/8/18,5,49,-10388619,5613274,7,4,NULL
MP2018702042        ,9/8/18,3,92,-10379276,5613396,7,4,NULL
MP2018306394        ,9/11/18,5,51,-10383656,5615645,7,4,NULL
MP2018703272        ,11/1/18,3,60,-10379001,5615660,7,4,NULL
MP2018258172        ,8/2/18,3,89,-10381891,5615255,7,4,NULL
MP2018291586        ,8/29/18,5,51,-10383512,5613394,7,4,8/29/18
MP2018701865        ,8/28/18,1,87,-10383513,5617203,7,4,NULL
MP2018296798        ,9/2/18,4,24,-10387073,5622292,7,4,NULL
MP2018702756        ,10/10/18,5,72,-10387996,5607888,7,4,NULL
MP2018388734        ,11/24/18,3,75,-10380853,5608793,7,4,NULL
MP2018388734        ,11/24/18,3,75,-10380853,5608793,7,4,NULL
MP2018388734        ,11/24/18,3,75,-10380853,5608793,7,4,NULL
MP2018703687        ,11/24/18,1,31,-10383980,5616589,7,4,NULL
MP2018704352        ,12/28/18,2,35,-10380010,5619047,7,4,NULL
MP2018700005        ,6/6/18,1,31,-10384018,5616352,7,4,NULL
MP2018700056        ,6/8/18,2,39,-10377550,5617297,7,4,NULL
MP2018700058        ,6/6/18,3,90,-10382301,5614472,7,4,NULL
MP2018700083        ,6/7/18,5,71,-10384511,5611150,7,4,NULL
MP2018700083        ,6/7/18,5,71,-10384511,5611150,7,4,NULL
MP2018700974        ,7/17/18,3,60,-10379659,5615513,7,4,NULL
MP2018700974        ,7/17/18,3,60,-10379659,5615513,7,4,NULL
MP2018239481        ,7/18/18,5,45,-10384967,5613838,7,4,NULL
MP2018241376        ,7/19/18,3,81,-10376063,5606813,7,4,NULL
MP2018241367        ,7/20/18,1,86,-10383213,5619053,7,4,NULL
MP2018241654        ,7/20/18,3,92,-10380809,5614808,7,4,NULL
MP2018701060        ,7/22/18,5,51,-10383896,5614023,7,4,NULL
MP2018319164        ,9/21/18,4,26,-10387389,5620229,7,4,9/21/18
MP2018319164        ,9/21/18,4,26,-10387389,5620229,7,4,9/21/18
MP2018319164        ,9/21/18,4,26,-10387389,5620229,7,4,9/21/18
MP2018319164        ,9/21/18,4,26,-10387389,5620229,7,4,9/21/18
MP2018702323        ,9/21/18,2,37,-10378868,5619646,7,4,NULL
MP2018702883        ,10/16/18,1,31,-10384010,5616561,7,4,NULL
MP2018348926        ,10/17/18,4,5,-10387351,5624515,7,4,NULL
MP2018348926        ,10/17/18,4,5,-10387351,5624515,7,4,NULL
MP2018702900        ,10/17/18,5,53,-10384219,5613118,7,4,NULL
MP2018351116        ,10/19/18,5,45,-10384883,5614199,7,4,NULL
MP2018351239        ,10/19/18,1,87,-10382923,5617929,7,4,NULL
MP2018700668        ,7/3/18,3,91,-10381662,5614523,7,4,NULL
MP2018223021        ,7/5/18,2,11,-10382124,5626708,7,4,NULL
MP2018700752        ,7/7/18,5,72,-10389016,5607791,7,4,NULL
MP2018700790        ,7/9/18,NULL,NULL,NULL,NULL,7,4,NULL
MP2018309248        ,9/13/18,5,51,-10384399,5613531,7,4,NULL
MP2018309248        ,9/13/18,5,51,-10384399,5613531,7,4,NULL
MP2018702181        ,9/15/18,3,82,-10380928,5606177,7,4,NULL
MP2018314235        ,9/16/18,2,39,-10376697,5616849,7,4,NULL
MP2018703294        ,11/2/18,5,45,-10385812,5613894,7,4,NULL
MP2018703294        ,11/2/18,5,45,-10385812,5613894,7,4,NULL
MP2018368137        ,11/3/18,2,12,-10378932,5625315,7,4,NULL
MP2018371335        ,11/6/18,5,51,-10383690,5613953,7,4,NULL
MP2018703401        ,11/7/18,2,40,-10378737,5617673,7,4,NULL
MP2018700535        ,6/28/18,1,31,-10383975,5616233,7,4,NULL
MP2018215077        ,6/29/18,3,81,-10376206,5606761,7,4,NULL
MP2018215077        ,6/29/18,3,81,-10376206,5606761,7,4,NULL
MP2018217820        ,7/1/18,2,37,-10378018,5620031,7,4,NULL
MP2018218666        ,7/2/18,3,64,-10376903,5608988,7,4,NULL
MP2018700626        ,7/2/18,2,23,-10379711,5620781,7,4,NULL
MP2018219113        ,7/2/18,4,6,-10386072,5625297,7,4,NULL
MP2018701956        ,9/4/18,1,86,-10382593,5618906,7,4,NULL
MP2018701976        ,9/5/18,1,38,-10379882,5616795,7,4,NULL
MP2018702047        ,9/8/18,4,4,-10385920,5627155,7,4,NULL
MP2018703200        ,10/29/18,1,87,-10382291,5617550,7,4,NULL